name,x86_64-linux,aarch64-linux,x86_64-darwin,aarch64-darwin
akkoma-admin-fe,,,330340440,
alan_2,329253293,329253291,,
angelscript,,,329253843,
apacheHttpdPackages.mod_tile,329254477,329254507,,
apacheHttpdPackages_2_4.mod_tile,329254505,329254508,,
appstream,,,329254634,329254632
ariang,329254943,329254916,329254954,329254942
ath9k-htc-blobless-firmware-unstable,329255863,329255864,,
ath9k-htc-blobless-firmware,329255861,329255860,,
atopile,,330336056,,
aviator,,,329256329,
azahar,,,,329256646
azure-cli-extensions.acrcssc,329256661,329256658,329256660,329256659
azure-cli-extensions.aksarc,329256690,329256686,329256688,329256687
azure-cli-extensions.alias,329256701,329256699,329256700,329256698
azure-cli-extensions.aosm,329256713,329256711,329256712,329256710
azure-cli-extensions.arcappliance,329256732,329256730,329256731,329257013
azure-cli-extensions.arcdata,329256737,329256736,329256735,329256734
azure-cli-extensions.attestation,329256757,329256755,329256756,329256753
azure-cli-extensions.cloud-service,329256812,329256810,329256814,329256811
azure-cli-extensions.connectedk8s,329256852,329256836,329256838,329256853
azure-cli-extensions.containerapp,329256850,329256848,329256849,329256847
azure-cli-extensions.interactive,329257057,329257055,329257056,329257054
azure-cli-extensions.k8s-configuration,329257069,329257067,329257072,329257068
azure-cli-extensions.k8s-extension,329257132,329257076,329257070,329257073
azure-cli-extensions.serial-console,329257278,329257277,329257273,329257276
azure-cli-extensions.stack-hci-vm,329745488,329745487,329745491,329745504
azure-cli-extensions.webpubsub,329257391,329257394,329257395,329257392
azure-sdk-for-cpp.security-attestation,329257467,329257465,,
bacula,,,329257608,
beam29Packages.rebar3,330623834,330623827,330623829,330623826
beamMinimal29Packages.rebar3,330624051,330624052,330624050,330624047
bee,,,330629421,
biglybt,,,,329259109
bitwarden-cli,,,329720499,
blocksat-cli,,,,330624104
bodyclose,329259764,329259761,329259762,329259760
bootil,,,329259954,329259955
boulder,,,329260049,329260046
buildah-unwrapped,,,329260555,
c3c,,,329711745,
calls,,330624140,,
candle,,,329261242,329261240
cardpeek,,,329261378,329261375
cargo-deb,,,329261533,329261531
cargo-risczero,,,329261774,329261771
cargo-ui,,,329261870,329261871
casacore,,,329745545,329745547
cassandra-cpp-driver,,,329261984,
castero,330624166,,,
cbconvert-gui,329262197,329262199,,
cbconvert,329262196,329262192,,
cbmbasic,,,329262214,329262213
cdecl,,,329262364,329262361
cdparanoia-iii,,,329262443,329262439
cdparanoia,,,329262442,329262414
cdxgen,,,330624165,
cegui,,,329262462,329262460
cernlib,,,329262533,
cfspeedtest,,,,329262665
cfv,,,329262675,329262673
chopchop,,,329265502,
clash-rs,330583034,330583033,330583021,330583037
clfft,,,329265929,329265941
cliamp,,,330624224,330624220
clickable,,,329720547,
cockpit-zfs,329266644,329266643,,
cocom-tool-set,,,329266663,329266661
code-server,,,329266697,
colmap,,330618566,330632699,330632698
compactor,329267169,329267165,,
conan,,,329267264,329267272
conserve,,,329267301,
contour,,,329713644,329713645
copacetic,,,329720573,329720566
coredns,,,329268009,329268003
cosmic-applibrary,329716919,,,
cosmic-design-demo,329716917,,,
cosmic-ext-applet-privacy-indicator,329716918,,,
cosmic-ext-applet-weather,329716895,,,
cosmic-files,329716921,,,
cosmic-initial-setup,329716913,,,
cosmic-panel,329716923,,,
cosmic-player,329716926,,,
cosmic-store,329716922,,,
cosmic-workspaces-epoch,329716920,,,
cp437,,,329268265,329268261
cpufetch,,,329268392,
css-variables-language-server,,,329268854,329268852
cuneiform,329269062,329269057,,
cups-dymo,,,329269090,329269087
daikhan,,330621479,,
dart_frog_cli,329269663,329269544,,
darwin.PowerManagement,,,329269563,329269565
dasher,,,329269685,329269689
dasm,,,329269696,
dateutils,,,329269748,329269746
db-rest,,,329269807,329269805
deadpixi-sam-unstable,,,329270078,329270074
decker,,,329270130,329270123
deluged,,,329270264,329270278
deskew,,,,329270358
devcontainer,,,330331988,
diamond,,,329270665,329270663
dico,,,329270675,329270668
diffoscope,,,,330336228
digital,,,329270822,
direvent,,,329270922,329270917
direwolf-unstable,,,329270936,329270929
direwolf,,,329270926,329270927
djgpp,329271127,329271125,329271126,329271124
djgpp_i586,329271128,329271129,329271131,329271130
djgpp_i686,329271139,329271132,329271137,329271133
dl-librescore,,,,329271180
dleyna,,,329271191,329271188
dmd,329271219,,,
dnadd,,,329271272,329271269
dnslink-std-go,,,329271345,329271341
dockapps.wmsm-app,,,329271523,329271519
docker-machine-hyperkit,,,329271571,
documenso,330624533,330624535,330624545,330624536
dovecot_pigeonhole,,,329272503,329272504
dovecot_pigeonhole_2_4,,,329272512,329272508
driftnet,,,329272723,329272721
dt,,,329272848,329272872
dufs,330629530,330629533,330629532,
ecl_16_1_2,329273438,329273434,329273433,
eggnog-mapper,,,329273766,329273753
egoboo,,,329273785,329273787
ela-widget-tools,,,329273850,329273847
emmy-lua-code-style,,,329536638,329536635
enca,,330624615,,
engage,,,329274461,
envoluntary,,,329274596,329274593
epgstation,,,329274645,329274636
equalx,,,329274718,329274721
ete-unwrapped,,329274900,,329274899
etlegacy-unwrapped,,,329274937,329274939
evcc,,,,330629547
eventstore,,,329275342,
examine,329717023,,,
exatorrent,,,329275083,329275080
excalidraw_export,329275089,329275087,329275090,329275086
factoriolab,,,329713716,329713717
fawltydeps,,,329720726,
fbv,,,329275801,329275798
fcron,,,329275905,329275907
fedimint,329275958,329275956,,
fedistar,,,330624718,
ffmpeg_6-full,,,,329713735
filen-desktop,,,329276408,329276396
files-cli,,330580395,,
fleng,,,,329277034
flex-launcher,,,329277051,329277048
flow-control,,,329277148,329277139
fluent-bit,,,,329277211
fluidd,,,329277205,
fmi-reference-fmus,,,329277375,
fmt_10,,,329277385,329277383
fmt_9,,,329277398,329277396
folly,,,329277448,329277450
ford,,,329277663,329277793
fortitude,,,329277740,329277737
freepv,,,329277983,329277982
g15daemon,,,329278474,329278477
garble,,329278677,,
gbdfed,,,329278901,329278897
gccNGPackages_15.gcc-unwrapped,,,329278977,329278973
gccNGPackages_15.libquadmath,329279032,,,
gdcm,,,329713750,329713749
getxbook,,,329279598,329279597
ghidra-extensions.gnudisassembler,,,,329279897
ghostfolio,,,330624807,330624806
giac,,,,330615416
gimme-aws-creds,329280078,329280076,329280080,329280077
gimp,,330624814,,
gimpPlugins.gimp,,330624854,,
git-chain,,,329280273,329280271
git-codereview,,,329280293,
git-gamble,,,329280390,329280385
git-spice,,,329280612,
git-together,,,329280651,329280650
gitbeaker-cli,,329280757,329280765,
gitlab-elasticsearch-indexer,,,329280893,329280890
gittuf,,,329281001,
glances,,329281090,,
gmic-qt,,,,329713779
gnat16Packages.gpr2,330621700,330621765,,
gnome2.gtksourceview,,,329281957,329281946
gnucobol,,,330336391,330336392
gnudatalanguage,,329284363,,
gnuradioPackages.fosphor,330624955,330624956,,
gophernotes,329285561,329285558,329285559,329285560
gophish,,,329285571,
gossip,,,329706415,329706412
goxlr-utility,,,329285862,329285858
gpt4all,329285986,329285985,,
gradm,,329286123,,
grafana,,,329286426,
grafx2,,,329286327,329286326
gram,,,330625056,
greenbone-feed-sync,,,329707520,329707517
gridtracker2,,,,329286624
gtk-frdp,,,329720824,329720820
guile-git,,,,329287266
gurk-rs,330625072,,,
handlr-regex,,,329287746,329287741
hash_extender,,,329287848,329287846
hashcash,,,329287851,329287850
haskellPackages.AppleScript,,,329288121,329288119
haskellPackages.GOST34112012-Hash,,329288478,,329288475
haskellPackages.HsHTSLib,,,329288695,329288692
haskellPackages.aoc,,,329291439,329291441
haskellPackages.botan-low,,329292830,329292829,
haskellPackages.bytestring-encoding,,,329293111,329293113
haskellPackages.copilot-c99,,,329294682,329294676
haskellPackages.cpython,,329294807,,
haskellPackages.diagrams-pandoc,,329295940,,
haskellPackages.epub-metadata,,,329296925,329296921
haskellPackages.error-codes,,,329296945,329296944
haskellPackages.eventlog-live-otelcol,329297139,329297162,329297142,329297146
haskellPackages.executable-hash,,,,329297134
haskellPackages.exinst-base,,,329297147,329297132
haskellPackages.fold-debounce-conduit,,,,329297730
haskellPackages.freetype2,,329297903,329297899,329297897
haskellPackages.genvalidity-dirforest,,,329298424,329298414
haskellPackages.gi-gdkx113,,,329298868,329298915
haskellPackages.gi-gdkx114,,,329298875,329298881
haskellPackages.gi-gtkosxapplication,,,329298941,329298953
haskellPackages.gi-soup3,,,329299006,329299005
haskellPackages.grisette,,,330599914,
haskellPackages.gtk-mac-integration,,,329300226,329300235
haskellPackages.gtk-traymanager,,,329300268,329300239
haskellPackages.gtk3-mac-integration,,,329300255,329300251
haskellPackages.hamid,,,329300467,329300465
haskellPackages.heftia-effects,,,329301013,329301016
haskellPackages.heph-aligned-storable,,,329301063,329301040
haskellPackages.hevm,,,329301182,
haskellPackages.highlight,,,329301245,329301248
haskellPackages.hlibgit2,,329301359,329301361,
haskellPackages.huckleberry,,,329302578,329302574
haskellPackages.hunspell-hs,,,329302604,329302598
haskellPackages.hw-json-simd,,329302637,,329302640
haskellPackages.ihp-ide,329303118,329302948,329302950,329302949
haskellPackages.implicit,,,329302982,329302980
haskellPackages.inline-asm,,,329303106,
haskellPackages.kqueue,,,329303959,329303958
haskellPackages.libtorch-ffi,,,,329304524
haskellPackages.llvm-tf,,,329304858,329304832
haskellPackages.memcache,,,329305467,329305466
haskellPackages.memzero,,,329305510,329305508
haskellPackages.minici,,,329305730,329305732
haskellPackages.miso-examples,329305799,329305797,,
haskellPackages.network-can,,,329306783,329306786
haskellPackages.om-time,,,329307425,329307424
haskellPackages.perceptual-hash,,,329308313,329308331
haskellPackages.persistent-pagination,,,329308359,329308353
haskellPackages.ping-wrapper,,,329308513,329308503
haskellPackages.pipes-zlib,,,329308619,329308615
haskellPackages.posix-socket,,,329308959,329308938
haskellPackages.posix-timer,,,329308907,329308905
haskellPackages.posix-waitpid,,,329308913,329308912
haskellPackages.pthread,,,329309600,329309598
haskellPackages.rawfilepath,,,329310093,329310087
haskellPackages.rdtsc-enolan,,329310118,,329310116
haskellPackages.rdtsc,,329310113,,329310112
haskellPackages.sdl2-cairo,,,329311334,329311327
haskellPackages.sdl2-mixer,329311365,329311369,,
haskellPackages.select,,,329311387,329311383
haskellPackages.sha256,,,329311837,329311843
haskellPackages.simdutf,,329312088,,
haskellPackages.socket,,,329312547,329312544
haskellPackages.store,,,329313162,329313158
haskellPackages.system-linux-proc,,,329313740,329313738
haskellPackages.tailfile-hinotify,,,329313850,329313849
haskellPackages.termbox-bindings-c,,,329314205,329314199
haskellPackages.timeout-snooze,,,329314846,
haskellPackages.trexio-hs,,,329713833,329713832
haskellPackages.vulkan-utils,329316477,,329316464,
haskellPackages.wai-middleware-metrics,,,329316591,329316596
haskellPackages.xgboost-haskell,329317197,,,
haskellPackages.xls,,,329317221,329317215
haskellPackages.xmonad-utils,,,329317313,329317317
haskellPackages.zlib-bytes,,,329317826,329317825
haskellPackages.zot,,,329317846,329317843
hdate,,,329318067,329318064
hexagonrpc,,,329318388,329318387
hgrep,,329318474,,
hime,329318595,329318590,,
home-assistant-custom-components.homematicip_local,329745741,329745749,,
home-assistant-custom-components.mypyllant,330618776,330618775,,
home-assistant-custom-components.thewatchman,329745750,,,
honeytail,,,329319165,
hsd,,,329319324,329319317
hygg,,,,329320246
hyprlandPlugins.hypr-dynamic-cursors,329717178,329717188,,
hyprlandPlugins.hyprspace,329717202,329717204,,
hyprlandPlugins.hyprsplit,329717187,329717198,,
hyprlandPlugins.imgborders,329717186,329717191,,
hyprproxlock,,,329320747,329320740
icesprog,,,329321023,329321022
iconpack-jade,329321113,329321110,,
id3,,,329321201,329321199
idrisPackages.eternal,,,329321334,329321333
idrisPackages.mhd,,,329321440,329321444
idrisPackages.pacman,,,329321449,329321464
imageworsener,329321769,329321765,329321770,329321764
indilib,,,329322085,329322082
inspircd,,,329322307,329322309
intelli-shell,,,329322362,329322363
intensity-normalization,329322377,329322385,329713905,329713906
ioping,,,329322494,329322491
irrlicht,,,329322895,329322893
jarl,,,329323277,329323276
jaspr_cli,329323303,329323302,,
jbofihe,,,329323472,329323470
jetuml,,,329323694,329323693
jextract-21,329323703,329323701,,
jextract,,,329323698,329323696
jj-pre-push,,,329324634,329324476
jpegli,,329324028,,
jtdx,,,329324338,329324333
julia-bin,,,329324382,
julia-stable-bin,,,329324400,
julia_110,,,,329324411
julia_111,,,,329324419
julia_112-bin,,,329324420,
junkie,,,329324470,329324467
kagen,,,329324619,
kanagawa-icon-theme,,,329324850,329324846
kanban,,,329324860,329324859
kdePackages.mlt,,,329713929,329713931
kdePackages.qtwebengine,,,329326208,329326224
keeperrl,329326383,,,
kermit,329326420,329326419,,
kgt,,,329326544,329326543
kilocode-cli,,,,330625328
kodiPackages.plex-for-kodi,,,329327062,329327063
komodo,329327235,329327233,329327234,329327232
koodo-reader,,,330332526,330332524
kore,,,329327321,329327319
kubectl-kcl,329327650,329327651,329327655,329327641
kuro,,,330332528,330332527
ladybird,329328135,329328121,,
lakectl,,,329328100,
lakefs,,,329328107,
landrun,,329328143,,
lanraragi,,,,329713942
lauti,,,330332538,
lcdproc,,,329328386,
lcm,,,329328395,329328392
lean,,,329328512,329328510
lean3,,,329328520,329328521
ledfx,,,330618848,330618852
lemmy-server,,,329328688,329328686
leo-lang,,,329328731,329328729
lerna_6,,329328764,,
libcardiacarrest,,,329329207,329329204
libcork,,,329329346,329329344
libcue-lang,,,329329427,329329424
libcutl,,,,329329439
libdbusmenu-gtk2,,,329329492,329329493
libdjinterop,,,329329554,329329552
libe-book,,,329329627,329329633
liberal-crime-squad,,,329329674,329329690
libesmtp,,,329329719,329329716
libexecinfo,,,329329760,329329753
libfsm,,,329329888,329329885
libigloo,,,329330204,329330207
libinjection,,,329330247,329330243
libixion,,,329330326,329330329
libkiwix,,,329330392,329330393
liblastfm-vambrose,,,329330426,329330423
liblbfgs,,,,329330431
libldac-dec,,,329330442,329330440
libmspub,,,329330702,
libopensmtpd,,,329330978,329330974
libpisp,,,329331122,329331121
libpkgmanifest,,,329331132,329331126
libpulsar,,,,329331248
librepcb,329331405,329331403,,
libsForQt5.libcommuni,,,329331732,329331726
libsForQt5.mlt,,,329713962,329713961
libsForQt5.qoauth,,,329331807,329331804
libsForQt5.qtmpris,329332049,329332044,329332047,329332042
libspf2,,,329332400,329332396
libtapi,,329721086,,
libucontext,,329332648,,
libui-ng,,,329332674,329332675
libui,,,329332668,329332665
libuiohook,,,329332677,
libxc_7,,,329332954,
lidarr,,,,330629728
linbox,,329333478,,329333480
linuxKernel.packages.linux_5_10.acer-wmi-battery,,330336570,,
linuxKernel.packages.linux_5_10.ax99100,,330583532,,
linuxKernel.packages.linux_5_10.it87,330336613,,,
linuxKernel.packages.linux_5_10.mbp2018-bridge-drv,330336627,330336621,,
linuxKernel.packages.linux_5_10.nvidia_x11_beta_open,330336637,330336673,,
linuxKernel.packages.linux_5_10.nvidia_x11_latest_open,330336650,330336639,,
linuxKernel.packages.linux_5_10.nvidia_x11_production_open,330336652,330336642,,
linuxKernel.packages.linux_5_10.nvidia_x11_stable_open,330336651,330336641,,
linuxKernel.packages.linux_5_10.nvidia_x11_vulkan_beta_open,330336645,330336644,,
linuxKernel.packages.linux_5_10.tbs,,330336739,,
linuxKernel.packages.linux_5_10.tsme-test,,330336723,,
linuxKernel.packages.linux_5_10.tuxedo-drivers,330336735,,,
linuxKernel.packages.linux_5_10.universal-pidff,330336716,330336715,,
linuxKernel.packages.linux_5_10.virtualboxGuestAdditions,,330336789,,
linuxKernel.packages.linux_5_10.xpadneo,330336756,330336745,,
linuxKernel.packages.linux_5_15.acer-wmi-battery,,330336759,,
linuxKernel.packages.linux_5_15.amneziawg,330336777,330336765,,
linuxKernel.packages.linux_5_15.ax99100,,330583536,,
linuxKernel.packages.linux_5_15.ena,330336864,330336801,,
linuxKernel.packages.linux_5_15.mbp2018-bridge-drv,330336838,330336833,,
linuxKernel.packages.linux_5_15.nvidia_x11_beta_open,330336856,330336847,,
linuxKernel.packages.linux_5_15.nvidia_x11_latest_open,330336851,330336878,,
linuxKernel.packages.linux_5_15.nvidia_x11_production_open,330336852,330336879,,
linuxKernel.packages.linux_5_15.nvidia_x11_stable_open,330336853,330336880,,
linuxKernel.packages.linux_5_15.nvidia_x11_vulkan_beta_open,330336871,330336855,,
linuxKernel.packages.linux_5_15.tbs,,330336922,,
linuxKernel.packages.linux_5_15.tsme-test,,330336947,,
linuxKernel.packages.linux_5_15.universal-pidff,330336932,330336939,,
linuxKernel.packages.linux_5_15.xpadneo,330336962,330336967,,
linuxKernel.packages.linux_6_1.acer-wmi-battery,,330336961,,
linuxKernel.packages.linux_6_1.ax99100,,330583540,,
linuxKernel.packages.linux_6_1.ena,330337025,330337004,,
linuxKernel.packages.linux_6_1.mba6x_bl,330337075,330337049,,
linuxKernel.packages.linux_6_1.mbp2018-bridge-drv,330337070,330337053,,
linuxKernel.packages.linux_6_1.morse-driver,330337079,330337099,,
linuxKernel.packages.linux_6_1.tbs,,330337150,,
linuxKernel.packages.linux_6_1.tsme-test,,330337151,,
linuxKernel.packages.linux_6_1.universal-pidff,,330337192,,
linuxKernel.packages.linux_6_12.acer-wmi-battery,,329745868,,
linuxKernel.packages.linux_6_12.lttng-modules,329745934,329745933,,
linuxKernel.packages.linux_6_12.mbp2018-bridge-drv,329745937,329745936,,
linuxKernel.packages.linux_6_12.tbs,,329746031,,
linuxKernel.packages.linux_6_12.tsme-test,,329746036,,
linuxKernel.packages.linux_6_18.acer-wmi-battery,,329746072,,
linuxKernel.packages.linux_6_18.lttng-modules,329746154,329746152,,
linuxKernel.packages.linux_6_18.mbp2018-bridge-drv,329746159,329746158,,
linuxKernel.packages.linux_6_18.msi-ec,,329746281,,
linuxKernel.packages.linux_6_18.tsme-test,,329746229,,
linuxKernel.packages.linux_6_18.vmm_clock,329746251,,,
linuxKernel.packages.linux_6_6.acer-wmi-battery,,329746283,,
linuxKernel.packages.linux_6_6.ax99100,,330583548,,
linuxKernel.packages.linux_6_6.lttng-modules,329746355,329746353,,
linuxKernel.packages.linux_6_6.mba6x_bl,329746357,329746358,,
linuxKernel.packages.linux_6_6.mbp2018-bridge-drv,329746360,329746359,,
linuxKernel.packages.linux_6_6.tbs,329746453,329746452,,
linuxKernel.packages.linux_6_6.tsme-test,,329746455,,
linuxKernel.packages.linux_6_6.universal-pidff,,329746464,,
linuxKernel.packages.linux_7_0.acer-wmi-battery,,329746508,,
linuxKernel.packages.linux_7_0.drbd,329746586,329746704,,
linuxKernel.packages.linux_7_0.facetimehd,329746534,,,
linuxKernel.packages.linux_7_0.lkrg,329746571,329746570,,
linuxKernel.packages.linux_7_0.lttng-modules,329746573,329746572,,
linuxKernel.packages.linux_7_0.mbp2018-bridge-drv,329746575,329746574,,
linuxKernel.packages.linux_7_0.msi-ec,,329746581,,
linuxKernel.packages.linux_7_0.tsme-test,329746652,329746651,,
linuxKernel.packages.linux_7_0.vhba,329746668,329746667,,
linuxKernel.packages.linux_7_0.vmm_clock,329746672,,,
linuxKernel.packages.linux_xanmod.lttng-modules,329754234,,,
linuxKernel.packages.linux_xanmod.mbp2018-bridge-drv,329754235,,,
linuxKernel.packages.linux_xanmod.vmm_clock,329754358,,,
linuxKernel.packages.linux_xanmod_latest.drbd,329754336,,,
linuxKernel.packages.linux_xanmod_latest.facetimehd,329754348,,,
linuxKernel.packages.linux_xanmod_latest.hid-tmff2,329754342,,,
linuxKernel.packages.linux_xanmod_latest.lkrg,329754354,,,
linuxKernel.packages.linux_xanmod_latest.lttng-modules,329754359,,,
linuxKernel.packages.linux_xanmod_latest.mbp2018-bridge-drv,329754376,,,
linuxKernel.packages.linux_xanmod_latest.tsme-test,329754425,,,
linuxKernel.packages.linux_xanmod_latest.vhba,329754407,,,
linuxKernel.packages.linux_xanmod_latest.vmm_clock,329754411,,,
linuxKernel.packages.linux_xanmod_stable.drbd,329754548,,,
linuxKernel.packages.linux_xanmod_stable.facetimehd,329754448,,,
linuxKernel.packages.linux_xanmod_stable.hid-tmff2,329754457,,,
linuxKernel.packages.linux_xanmod_stable.lkrg,329754472,,,
linuxKernel.packages.linux_xanmod_stable.lttng-modules,329754473,,,
linuxKernel.packages.linux_xanmod_stable.mbp2018-bridge-drv,329754474,,,
linuxKernel.packages.linux_xanmod_stable.tsme-test,329754519,,,
linuxKernel.packages.linux_xanmod_stable.vhba,329754531,,,
linuxKernel.packages.linux_xanmod_stable.vmm_clock,329754534,,,
linuxKernel.packages.linux_zen.drbd,330337201,,,
linuxKernel.packages.linux_zen.facetimehd,330337226,,,
linuxKernel.packages.linux_zen.lkrg,330337308,,,
linuxKernel.packages.linux_zen.lttng-modules,330337230,,,
linuxKernel.packages.linux_zen.mbp2018-bridge-drv,330337232,,,
linuxKernel.packages.linux_zen.tsme-test,330337271,,,
linuxKernel.packages.linux_zen.vhba,330337290,,,
linuxKernel.packages.linux_zen.vmm_clock,330337304,,,
linuxPackages.acer-wmi-battery,,329746714,,
linuxPackages.lttng-modules,329746793,329746792,,
linuxPackages.mbp2018-bridge-drv,329746797,329746786,,
linuxPackages.msi-ec,,329746806,,
linuxPackages.tsme-test,,329746867,,
linuxPackages.vmm_clock,329746886,,,
linuxPackages_latest.acer-wmi-battery,,329746904,,
linuxPackages_latest.drbd,329746948,329747113,,
linuxPackages_latest.facetimehd,329746954,,,
linuxPackages_latest.lkrg,329746994,329746991,,
linuxPackages_latest.lttng-modules,329746993,329746990,,
linuxPackages_latest.mbp2018-bridge-drv,329746999,329746998,,
linuxPackages_latest.msi-ec,,329746995,,
linuxPackages_latest.tsme-test,329747074,329747072,,
linuxPackages_latest.vhba,329747087,329747088,,
linuxPackages_latest.vmm_clock,329747093,,,
linuxPackages_xanmod.lttng-modules,329754605,,,
linuxPackages_xanmod.mbp2018-bridge-drv,329754600,,,
linuxPackages_xanmod.vmm_clock,329754663,,,
linuxPackages_xanmod_latest.drbd,329754693,,,
linuxPackages_xanmod_latest.facetimehd,329754696,,,
linuxPackages_xanmod_latest.hid-tmff2,329754709,,,
linuxPackages_xanmod_latest.lkrg,329754721,,,
linuxPackages_xanmod_latest.lttng-modules,329754724,,,
linuxPackages_xanmod_latest.mbp2018-bridge-drv,329754723,,,
linuxPackages_xanmod_latest.tsme-test,329754769,,,
linuxPackages_xanmod_latest.vhba,329754777,,,
linuxPackages_xanmod_latest.vmm_clock,329754780,,,
linuxPackages_xanmod_stable.drbd,329754814,,,
linuxPackages_xanmod_stable.facetimehd,329754816,,,
linuxPackages_xanmod_stable.hid-tmff2,329754825,,,
linuxPackages_xanmod_stable.lkrg,329754834,,,
linuxPackages_xanmod_stable.lttng-modules,329754838,,,
linuxPackages_xanmod_stable.mbp2018-bridge-drv,329754836,,,
linuxPackages_xanmod_stable.tsme-test,329754888,,,
linuxPackages_xanmod_stable.vhba,329754895,,,
linuxPackages_xanmod_stable.vmm_clock,329754902,,,
linuxPackages_zen.drbd,330337330,,,
linuxPackages_zen.facetimehd,330337335,,,
linuxPackages_zen.lkrg,330337355,,,
linuxPackages_zen.lttng-modules,330337358,,,
linuxPackages_zen.mbp2018-bridge-drv,330337360,,,
linuxPackages_zen.tsme-test,330337402,,,
linuxPackages_zen.vhba,330337412,,,
linuxPackages_zen.vmm_clock,330337414,,,
linuxkit,,,329336762,329336761
live555,,,329336922,329336918
lixPackageSets.git.nix-serve-ng,,329747153,329747154,329747168
lixPackageSets.latest.nix-serve-ng,,329747223,329747217,329747215
lixPackageSets.lix_2_94.nix-serve-ng,,329747272,329747290,329747283
lixPackageSets.lix_2_95.nix-serve-ng,,329747344,329747337,329747356
lixPackageSets.stable.nix-serve-ng,,329747397,329747411,329747395
llama-cpp-vulkan,,,330340553,330340555
llama-cpp,,,330340557,
llvmPackages_18.compiler-rt-libc,,,329337686,329337678
llvmPackages_18.compiler-rt,,,329337676,329337675
llvmPackages_22.compiler-rt-no-libc,,330580590,,
lnx,329338502,329338500,,
logdy,,,329338592,
loki,,,329338723,329338716
lomiri-qt6.lomiri-thumbnailer,329338892,329338890,,
lrzip,,,329339045,
lttoolbox,,,329339158,329339155
lua55Packages.lua-https,329342282,329342281,329342280,329342278
mactop,,,,329344684
maiko,,,329344804,329344797
makehuman,329344981,329344930,329344915,329345021
mame-tools,,,329344967,329344965
mame,,,329344964,329344962
manifold,,,330337526,330337525
maskromtool,,,329345480,329345478
mathemagix,329345634,,,
mattermost-desktop,,,329345782,329345774
mayo,,,329345858,329345855
mcp-nixos,,,,330618942
mediasynclite,,,329346366,329346365
memos,,,330625611,
meshcentral,,329346645,,
metapixel,,,329346733,329346729
micronucleus,,,329346886,329346884
micropython,,,329346894,
migrate,329347048,329346937,,
minc_tools,329347000,329346999,,
minitube,330625623,330625629,,
miracle-wm,329717423,,,
misskey,,,330625635,
mlkit,,329347577,329347578,329347576
mlt,,,329714016,329714015
mlton20130715,329347605,,,
mlton20210117,,,,329347611
mobsql,,,329347767,329347765
mono_repo,329348254,329348286,,
monotone,,,329348015,329348013
moon,329348038,329348032,329348034,329348420
moosefs,,,330332767,330332770
mosml,,,329348332,329348328
motoc,,,329348367,329348352
mpich-pmix,,,329348576,329348570
mpich,,,329348567,329348573
mplayer,,,,329348610
mrpack-install,,,329348930,329348933
msieve,,,,329349077
mspds,329349047,329349046,329349048,329349045
mucommander,,,329349214,329349212
mudlet,330615806,330615805,,
multipart-parser-c,,,329349203,329349201
mystmd,,,330337589,330337587
nagiosPlugins.check_interfaces,329349633,329349628,329349635,329349632
naja,,,329349688,329349694
nanobench,,,329349726,329349723
nanoemoji,,,330625714,
nbd,,,329349926,329349923
netfoil,,,329350706,329350704
netperf,,,329350768,329350764
netron,,,330580813,330580810
neverest,329350866,329350864,329350865,329350863
newlib-nano,,329350888,329350886,329350884
newlib,,329350881,329350882,329350880
nexa,,329350920,,
nextcloud-spreed-signaling,329350924,,,
ngadmin,,,329351032,329351029
nihstro,,,329351158,329351156
nixpkgs-openjdk-updater,330580823,330580821,330580819,330580827
nmstate,,,329352561,329352571
nodehun,,,329352646,329352647
nono,,,329352761,329352758
notesnook,,,330629893,330629895
np2kai,,,329353013,
ns-3,329730280,,,
ntfy-sh,,,329707729,329707731
ntp,,,329353243,329353239
numr,,329353360,329353361,329353362
nushell-plugin-semver,,,330619093,330619090
nushellPlugins.semver,,,330619092,330619089
nvidia-mig-parted,,,330625757,330625758
nvimpager,,,329353626,
obitools3,329353776,329353772,329353774,329353773
obliteratus,,329537057,,
ocamlPackages.class_group_vdf,,,329537137,329537095
ocamlPackages.ecaml,,,329355040,329355030
ocamlPackages.gapi-ocaml,,,329355286,329355282
ocamlPackages.janeStreet.ecaml,,,329355894,329355892
ocamlPackages.janeStreet.janestreet_cpuid,,329355972,,329355970
ocamlPackages.janestreet_cpuid,,329356399,,329356398
ocamlPackages.llvm,,,329537252,329537231
ocamlPackages.magic-trace,,330600141,,
ocamlPackages.owl,,,,329537256
ocamlPackages.processor,,,329358052,
ocamlPackages.stog,,,,330600147
ocamlPackages_latest.class_group_vdf,,,329537391,329537388
ocamlPackages_latest.ecaml,,,329360179,329360175
ocamlPackages_latest.gapi-ocaml,,,329360427,329360425
ocamlPackages_latest.janeStreet.ecaml,,,329361041,329361040
ocamlPackages_latest.janeStreet.janestreet_cpuid,,329361118,,329361122
ocamlPackages_latest.janestreet_cpuid,,329361547,,329361537
ocamlPackages_latest.llvm,,,329537525,329537523
ocamlPackages_latest.magic-trace,,330600266,,
ocamlPackages_latest.owl,,,,329537547
ocamlPackages_latest.processor,,,329363194,
ocamlPackages_latest.stog,,,,330600275
octavePackages.ocl,,,329714128,329714156
onednn_2,,329364923,,
open-policy-agent,,,329365122,329365116
open5gs-webui,,,329365143,329365139
openbabel,,329365203,,
opencloud-desktop-shell-integration-resources,,,329365306,329365293
opencloud-desktop,,,329365309,329365284
opencomposite,,,329365314,329365315
opengothic,,329365428,,
openlist,330625923,,,
openpa,,,329365702,329365699
openrussian-cli,329365812,329365810,329365822,329365826
opensplatWithRocm,330580908,,,
openssh-askpass,,,329365944,329365941
opn2bankeditor,,,,329366203
osmctools,,,329366432,329366430
osrm-backend,,,329366480,329366484
otel-cli,,,329366542,
outguess,,,329366611,329366610
owncloud-client,,,329366723,329366687
oxker,,,329366730,329366727
p4c,329366754,329366755,,
packcc,,,329366823,329366822
pam_gnupg,,,329366948,329366946
pam_xdg,,329366981,,329366978
pandora-launcher-unwrapped,,,329755077,329755075
pantalaimon-headless,329367098,329367090,,
pantalaimon,329367111,329367082,,
papra,,,330626009,330625983
paraview,,,,330332990
partclone-utils,,,329367594,329367593
pawn-appetit,,,330626003,330626001
paxtest,329367842,329367843,,
pcem,,329367927,,
pdf-cli,,329367990,,
perl5Packages.FutureIO,,,329370995,
perl5Packages.IPCShareLite,,,329371588,
perlPackages.FutureIO,,,329378587,
perlPackages.IPCShareLite,,,329379179,
pg-schema-diff,,,329383583,
pg_featureserv,,,329383599,
pgadmin4-desktopmode,,,330619165,330619166
pgadmin4,,,330619161,330619159
pget,,,329383648,
php82Extensions.shmop,,,329384155,
php82Extensions.sysvshm,,,329384232,
php83Extensions.shmop,,,329384623,
php83Extensions.sysvshm,,,329384690,
php84Extensions.shmop,,,329385091,
php84Extensions.sysvshm,,,329385156,
php85Extensions.shmop,,,329385537,
php85Extensions.sysvshm,,,329385595,
phpExtensions.shmop,,,329385997,
phpExtensions.sysvshm,,,329386057,
phytool,,,329386230,329386224
picat,,,329386249,329386247
picolibc,,329386295,329386296,329386294
pidginPackages.purple-plugin-pack,329386369,329386368,,
pike,,329386433,,
pimsync,,,329721757,329721758
pinokio,,,329386532,
piped,,,,330626099
pipx,329386632,329386631,329386634,329386633
pixieditor,,,329386798,329386807
pkcs11-provider,,,329386768,
pkgsRocm.migrate,330581047,,,
pkgsRocm.opensplat,330581052,,,
pkgsRocm.python3Packages.gpuctypes,330581171,,,
pkgsRocm.python3Packages.gradio,330629988,,,
pkgsRocm.python3Packages.qpsolvers,330581414,,,
pkgsRocm.python3Packages.syne-tune,330581378,,,
pkgsRocm.python3Packages.tinygrad,330619299,,,
pkgsRocm.tabby,330581478,,,
plzip,,,329387730,329387729
pmars-x11,,,329387745,329387741
pnetcdf,,,329387783,329387780
podofo,,,330581529,330581528
podofo0,,,330581535,330581532
polkadot,,,329388043,329388042
postcss,,,,330630060
postgresql14Packages.pointcloud,,,,329388483
postgresql15Packages.pointcloud,,,,329388737
postsrsd,,,329389855,329389854
powertabeditor,,,329389956,329389949
prime-server,,,329390182,329390178
prismlauncher,,,,330583876
prometheus-jitsi-exporter,,,329390522,
prometheus-mikrotik-exporter,,,329390571,329390573
prometheus-statsd-exporter,,,329390732,
protoc-gen-js,,,329390942,329390934
prox,,,329391062,
proxysql,329391103,329391102,,
ptouch-print,,,329391297,329391293
puredata,,,329391489,329391486
pycoin,,,,329391649
python313Packages.a2a-sdk,,,329391879,329391877
python313Packages.aerosandbox,330338201,330338200,330338199,330338205
python313Packages.aiosonic,,,329392805,329392799
python313Packages.amazon-ion,,,329393136,329393133
python313Packages.angr,329538170,329538162,329707816,329538160
python313Packages.atopile,,330338217,,
python313Packages.autopxd2,329394180,329394177,329394178,329394176
python313Packages.biopandas,329395409,329395411,329395407,329395410
python313Packages.blocksat-cli,,,,330626382
python313Packages.boost-histogram,,,329395679,329395681
python313Packages.borb,329395704,329395705,329395709,329395703
python313Packages.brian2,329538238,329538237,329707827,329538239
python313Packages.canopen,,,329396122,329396118
python313Packages.cartopy,329396160,329396163,,329714410
python313Packages.cert-chain-resolver,329396304,329396302,329396303,329396301
python313Packages.control,,,329397445,329397434
python313Packages.cx-freeze,,329397894,,
python313Packages.dashscope,,,329398053,329398047
python313Packages.dbus-fast,,,329398297,329398296
python313Packages.deid,,,329398482,329398479
python313Packages.dicomweb-client,,,329398667,329398664
python313Packages.django-health-check,,330619423,,
python313Packages.django-postgres-extra,,,329399460,
python313Packages.django-q2,,,329399490,
python313Packages.django-scheduler,329399537,329399540,329399532,329399539
python313Packages.django-silk,329399565,329399567,329399572,329399574
python313Packages.dmsuite,,,329399823,
python313Packages.donut-shellcode,,329400004,329400007,329400003
python313Packages.dramatiq-abort,329400097,329400098,329400104,329400095
python313Packages.duct-py,,,329747962,329747960
python313Packages.equinox,330600490,,,
python313Packages.es-client,329400890,329400882,329400887,329400889
python313Packages.esig,329400888,329400883,329400885,329400884
python313Packages.exiv2,,,329401126,329401130
python313Packages.extractcode,,329401160,,
python313Packages.filterpy,,,,329401611
python313Packages.fritzconnection,,,329402380,
python313Packages.func-timeout,,,329402445,329402444
python313Packages.gdcm,,,329714499,329714498
python313Packages.git-dummy,,,329402949,329402948
python313Packages.githubkit,329402994,329402993,329402992,329402990
python313Packages.glean-sdk,329403042,329403040,,
python313Packages.graphite-web,329403602,329403600,329403596,329403594
python313Packages.hmmlearn,,329404352,329404353,329404351
python313Packages.httpx-auth,329404611,329404612,329404616,329404610
python313Packages.imagededup,,,329707941,
python313Packages.intensity-normalization,329405283,329405294,329714549,329714548
python313Packages.iocx,330626601,,,
python313Packages.iterfzf,,,330600513,330600517
python313Packages.jeepney,,,329405800,329405799
python313Packages.kopf,,,329406685,
python313Packages.libbs,329407201,329407188,329407182,329407187
python313Packages.line-profiler,329407508,329407499,329407505,329407502
python313Packages.locust-cloud,,330616029,,
python313Packages.md-toc,329408587,329408584,329408583,329408581
python313Packages.mlt,,,329714714,329714723
python313Packages.monosat,,,330622556,330622557
python313Packages.mpv,,330626697,330626692,330626693
python313Packages.mrsqm,329409717,329409714,329409715,329409713
python313Packages.nanoemoji,,,330626729,
python313Packages.nidaqmx,329411901,329411902,329411904,329411903
python313Packages.niquests,,,329712488,329712486
python313Packages.openbabel,,329412737,,
python313Packages.opencontainers,,,329412752,
python313Packages.opentelemetry-instrumentation-botocore,329412912,329412908,329412913,329412907
python313Packages.opentelemetry-instrumentation-system-metrics,,,329412969,329412964
python313Packages.optiland,,,330334004,
python313Packages.opytimark,329413093,,,
python313Packages.orbax-checkpoint,,,,329714787
python313Packages.overpy,,,329413326,329413321
python313Packages.paddlepaddle,,329539010,,
python313Packages.pgmpy,,,329708023,
python313Packages.pims,330630459,330630458,,330630457
python313Packages.pipx,329414312,329414311,329414313,329414310
python313Packages.proton-core,,,329415057,329415048
python313Packages.pvlib,329415293,329415294,329714844,329714846
python313Packages.pyamg,,,329415664,329415663
python313Packages.pycoin,,,,329416036
python313Packages.pyeclib,,,329416419,329416418
python313Packages.pyhepmc,329416918,329416917,329416919,329416916
python313Packages.pyinterp,,,,329714858
python313Packages.pyipv8,329417067,329417077,329417152,329417140
python313Packages.pyitachip2ir,,,329417091,329417088
python313Packages.pykdtree,,329417164,,
python313Packages.pylibjpeg-rle,,,329417314,329417303
python313Packages.pylsl,,,329417408,329417406
python313Packages.pynest2d,329417751,329417746,,
python313Packages.pyomo,,,329417928,329417919
python313Packages.pyside6-qtads,329418669,329418673,329418804,329418777
python313Packages.pysmbc,,,330626823,330626817
python313Packages.pytelegrambotapi,,,329708087,
python313Packages.pytensor,330619655,,,
python313Packages.pytest-md-report,,,,329419430
python313Packages.python-djvulibre,,,329419888,329419887
python313Packages.python-fontconfig,329419965,,329419967,
python313Packages.python-prctl,,329420378,,
python313Packages.python-redis-lock,,,329420409,329420407
python313Packages.pyttsx3,,,329420835,329420824
python313Packages.pywebview,,,329421068,329421134
python313Packages.qpsolvers,329539179,329539188,329714897,329714894
python313Packages.raylib-python-cffi,,,330626829,330626828
python313Packages.rds2py,,,329421611,329421613
python313Packages.recoll,,,330338551,330338556
python313Packages.requirements-detector,329422027,329422023,329422022,329422026
python313Packages.scalar-fastapi,329422870,329422866,329422868,329422860
python313Packages.scantree,,,329422882,329422877
python313Packages.serialx,,,,329721948
python313Packages.solidpython2,,,330334088,330334089
python313Packages.spsdk,330622567,330622569,330622565,330622595
python313Packages.submitit,,,330616122,
python313Packages.syne-tune,,329718314,,
python313Packages.torchsnapshot,,329539486,,
python313Packages.torchtitan,,,,329714997
python313Packages.tt-flash,330616189,330616195,330616175,330616191
python313Packages.typecode,329428385,,,
python313Packages.unearth,329430287,329430292,329430291,329430289
python313Packages.vowpalwabbit,,,329430967,329430965
python313Packages.weasyprint,,,329431217,329431220
python313Packages.wikitextprocessor,,,330581866,
python313Packages.ws4py,,,329431622,329431588
python314Packages.aerosandbox,330338629,330338627,330338630,330338628
python314Packages.aiokef,329433087,329433083,329433084,329433080
python314Packages.aiosasl,329433325,329433326,329433327,329433320
python314Packages.aiosonic,,,329433375,329433378
python314Packages.amazon-ion,,,329433707,329433705
python314Packages.angr,329541057,329541058,329709573,329541055
python314Packages.async-cache,329434430,329434428,329434429,329434426
python314Packages.asyncua,329434543,329434545,329434541,329434542
python314Packages.autopxd2,329434737,329434735,329434736,329434734
python314Packages.base64io,329435578,329435576,329435577,329435575
python314Packages.biopandas,329435956,329435949,329435951,329435952
python314Packages.blocksat-cli,,,,330627001
python314Packages.boost-histogram,,,329436220,329436218
python314Packages.borb,329436250,329436247,329436249,329436245
python314Packages.brian2,329541124,329541122,329709583,329541127
python314Packages.btrsync,329436439,329436438,,
python314Packages.canopen,,,329436652,329436651
python314Packages.cartopy,329436696,329436801,,329715111
python314Packages.cert-chain-resolver,329436835,329436832,329436834,329436831
python314Packages.class-doc,329437157,329437150,329437152,329437151
python314Packages.control,,,329437949,329437941
python314Packages.crochet,,,329438137,329438133
python314Packages.curio-compat,,,329438319,
python314Packages.cx-freeze,,329438395,,
python314Packages.dashscope,329438548,329438553,329438554,329438550
python314Packages.dbt-common,329438760,329438755,329438756,329438758
python314Packages.dbus-fast,,,329438783,329438784
python314Packages.deid,,,329438959,329438957
python314Packages.dicomweb-client,,,329439141,329439145
python314Packages.django-cacheops,329439553,329439554,329439551,329439558
python314Packages.django-health-check,,330619803,,
python314Packages.django-postgres-extra,,,329439933,
python314Packages.django-q2,329439962,329439971,329439963,
python314Packages.django-scheduler,329440001,329440008,329440002,329440015
python314Packages.django-silk,329440034,329440028,329440043,329440037
python314Packages.django_6,,329440194,,
python314Packages.dmsuite,,,329440287,
python314Packages.donut-shellcode,,329440463,329440462,329440461
python314Packages.dramatiq-abort,329440559,329440552,,329440547
python314Packages.dramatiq,,,329440551,
python314Packages.duct-py,,,329749591,329749578
python314Packages.elastic-apm,329441048,329441054,329441070,329441063
python314Packages.es-client,329441329,329441326,329441325,329441330
python314Packages.esig,329441338,329441343,329441334,329441333
python314Packages.exiv2,,,329441567,329441561
python314Packages.extractcode,,329441602,,
python314Packages.filterpy,,,,329442032
python314Packages.fritzconnection,,,,329442776
python314Packages.func-timeout,,,,329442837
python314Packages.gdcm,,,329715191,329715190
python314Packages.git-dummy,,,329443326,329443322
python314Packages.githubkit,329443370,329443367,329443369,329443366
python314Packages.glean-sdk,329443417,329443419,,
python314Packages.graphite-web,329443968,329443972,329443971,329443975
python314Packages.hmmlearn,,329444711,329444714,329444710
python314Packages.httpcore2,,,330627163,
python314Packages.httpx-auth,329444975,329444974,329444973,329444969
python314Packages.imagededup,,,329709673,
python314Packages.intensity-normalization,329445633,329445627,329715244,329715243
python314Packages.iterfzf,,,330600698,330600700
python314Packages.jeepney,,,329446147,329446145
python314Packages.jfx-bridge,329446171,329446168,329446170,329446169
python314Packages.kopf,,,,329446992
python314Packages.line-profiler,329447802,329447800,329447804,329447797
python314Packages.looptime,,,329448258,
python314Packages.md-toc,329448795,329448792,329448794,329448793
python314Packages.mlt,,,329715317,329715309
python314Packages.monosat,,,330622626,330622625
python314Packages.mpv,,,330627294,330627263
python314Packages.mrsqm,329449924,329449925,329449923,329449918
python314Packages.nidaqmx,329452082,329452073,329452080,329452074
python314Packages.niquests,,,329712825,329712826
python314Packages.nuitka,329452372,329452366,,
python314Packages.openbabel,,329452896,,
python314Packages.opencontainers,,,329452914,
python314Packages.opensfm,329453006,329452997,,
python314Packages.opentelemetry-instrumentation-botocore,329453070,329453069,329453071,329453073
python314Packages.opentelemetry-instrumentation-httpx,329453099,329453098,329453100,329453097
python314Packages.opentelemetry-instrumentation-system-metrics,,,329453127,329453120
python314Packages.opentelemetry-instrumentation-urllib3,329453136,329453135,329453134,329453131
python314Packages.optiland,,,330334424,
python314Packages.opytimark,329453253,,,
python314Packages.orbax-checkpoint,,,,329715385
python314Packages.overpy,,,329453478,
python314Packages.pgmpy,,,329709742,
python314Packages.pims,330630977,330630978,,330630976
python314Packages.pipx,329454455,329454452,329454453,329454450
python314Packages.plum-py,329454667,329454664,329454658,329454655
python314Packages.proton-core,,,329455181,329455183
python314Packages.pulumi,329455331,329455329,329455330,329455323
python314Packages.pvlib,329455385,329455384,329715433,329715431
python314Packages.pycapnp,329455997,329455991,329455999,329455995
python314Packages.pycoin,,,,329456119
python314Packages.pyeclib,,,329456489,329456490
python314Packages.pyinterp,,,,329715464
python314Packages.pyipv8,329457193,329457177,329457114,329457201
python314Packages.pyitachip2ir,,,329457148,329457145
python314Packages.pykaleidescape,,,329457199,
python314Packages.pykdtree,,329457216,,
python314Packages.pylibjpeg-rle,,,329457364,329457374
python314Packages.pylsl,,,329457470,329457469
python314Packages.pymilvus,,,,329457635
python314Packages.pynest2d,329457802,329457810,,
python314Packages.pyomo,329457978,329457984,329457980,329457976
python314Packages.pyside6-qtads,329458719,329458717,329458781,329458768
python314Packages.pysmbc,,,330627374,330627375
python314Packages.pytelegrambotapi,,,329709798,
python314Packages.python-djvulibre,,,329459935,329459939
python314Packages.python-engineio,,,330616371,
python314Packages.python-fontconfig,329460015,,329460013,
python314Packages.python-fx,329460043,329460042,329460038,329460034
python314Packages.python-prctl,,329460427,,
python314Packages.python-redis-lock,,,329460453,329460458
python314Packages.pyttsx3,,,329460890,329460886
python314Packages.pyvera,,,,329460975
python314Packages.pywebtransport,,329461110,,
python314Packages.pywebview,,,329461121,329461258
python314Packages.qpsolvers,329541824,329541827,329715501,329715487
python314Packages.raylib-python-cffi,,,330627388,330627385
python314Packages.rds2py,,,329461673,329461666
python314Packages.recoll,,,330338887,330338885
python314Packages.requirements-detector,329462070,329462065,329462071,329462067
python314Packages.rtoml,329462634,329462630,329462631,329462628
python314Packages.scalar-fastapi,329462894,329462892,329462896,329462884
python314Packages.scantree,,,329462910,329462907
python314Packages.serialx,,,329722172,329722171
python314Packages.solidpython2,,,330334509,330334512
python314Packages.spsdk,330622644,330622637,330622638,330622636
python314Packages.sqlalchemy_1_3,329464820,329464817,329464821,329464818
python314Packages.swh-export,330622677,330622678,330622670,330622647
python314Packages.telnetlib3,,,329722188,
python314Packages.torchsnapshot,,329542053,,
python314Packages.torchtitan,,,,329715566
python314Packages.tt-flash,330616466,330616470,330616467,330616456
python314Packages.typecode,329468275,,,
python314Packages.unearth,329468735,329468737,329468736,329468734
python314Packages.vowpalwabbit,,,329469397,329469398
python314Packages.weasyprint,,,329469657,329469629
python314Packages.wikitextprocessor,,,330582156,
python314Packages.ws4py,,,,329470009
pywal16,,,,329470922
qalculate-gtk,330616485,330616488,330616487,330616486
qcm,329471038,329471035,,
qelectrotech,329471080,329471079,,
qemu-python-utils,,,329722238,329722239
qgo,,,329471124,329471122
qgrep,,,329471128,329471126
qmic,,,,329471210
qt6.qtwebengine,,,329471683,329471680
qt6Packages.mlt,,,329715626,329715627
qt6Packages.qtwebengine,,,329471976,329471975
qtwebapp,,,329472059,329472062
quassel,,,,329472125
quasselClient,,,,329472127
quasselDaemon,,,,329472133
quaternion,,,329472150,329472141
qucs-s,,,,330584509
qui,,,330627513,
quill,329472216,329472215,,
r2modman,,,330620057,
rappel,,329472601,,
rarezip,,,329472616,329472612
ratpoints,,,330338977,330338995
rbdoom-3-bfg,,,330627544,330627541
rdpgw,,,329472855,329472859
reaper-sws-extension,,,329473006,329472999
recoll-nox,,,330338986,330338984
recoll,,,330338982,330338981
recordbox,330622700,330622703,,
redo-apenwarr,,,,329473165
reindeer,,,329473336,329473334
remarkable-toolchain,329473362,,,
remarkable2-toolchain,329473364,,,
rep-gtk,,,329473472,329473469
replibyte,,,329473495,329473493
resticprofile,330339010,330339009,330616503,330616504
retdec,329473660,,,
rethinkdb,,,329473664,329473662
rhvoice,329473816,329473814,329473817,329473815
ristate,,,329474002,329474001
river-classic,,330340753,,
river-filtile,,,329474025,329474024
river,,330340755,,
rkdeveloptool-pine64,,,329474065,329474063
rnnoise-plugin,,,329474199,329474200
root,,,329730556,329730554
rosie,,,329474697,329474693
rp,,329474798,,
rsop,,,,329474952
rstudio,,,330620116,
rvvm,,,329482289,329482286
sacrifice,,,329482509,
sagittarius-scheme,329482557,329482555,,
samba4Full,,,330627712,330627709
sambaFull,,,330627713,330627711
sambamba,,,329482625,
samplicator,,,329482665,329482662
sbclPackages.cl-gtk2-glib,,329483105,,329483108
sbclPackages.cl-gtk4_dot_webkit,329483120,329484488,,
sbclPackages.cl-notify,,,,329483172
sbclPackages.enchant,329483445,329483441,,329483442
sbclPackages.qt-libs,329483846,329483848,,329483847
scaleway-cli,329484214,,329484212,329484211
schildi-revenge,,329484705,,
scid-vs-pc,329484357,329484356,,
scid,329484354,329484351,329484355,329484350
scion-apps,329484380,329484377,329484379,329484378
scion,,,329484376,
sct,,329484585,,
seaweedfs,,,329484753,329484751
selfci,,,329484829,329484848
sgfutils,,,329485240,329485238
sherpa,,,329485474,
shpool,,,329485830,
shrinkray,330616546,330616545,,
sif,,,329485707,329485709
skim,,,330627811,
sleek-todo,,,329486361,
snapraid,,329486741,329486886,
snid,,,329486788,329486785
snouty,,330627847,,
snpeff,,,329486896,329486895
solana-cli,329487069,,329487066,
sourcekit-lsp,,,329487333,
spades,,,329487394,329487391
spglib,,,,329487584
spnavcfg,,,329487773,329487761
spoofdpi,,,329487770,329487769
ssh-chat,,,329488175,
stalwart,,,329488430,
stargate-libcds,,329488492,,329488489
steghide,,,329488694,329488692
stellar-core,329488731,329488722,,
stog,,,,330600859
stoolap,,329488829,,
super-productivity,,,329489245,329489244
surge,329489339,,,
sweethome3d.application,,,329489623,329489625
swiftPackages.sourcekit-lsp,,,329489671,
swiftshader,329489736,329489735,,
switchfin,,,330627928,330627916
sympow,,,330339132,
syncthingtray-minimal,,,,330340793
syzkaller,,,,329490052
tabby-agent,,,330627938,
tabby,330340800,330340798,,330340802
taisei,,,330627940,330627943
talkfilters,,,329490287,329490284
task-master-ai,329490434,329490502,329490433,329490432
tcl9Packages.tclx,329490745,329490740,329490744,329490743
teams-for-linux,,,330620227,
teos-watchtower-plugin,,,329491153,329491158
tere,,,329491167,
termscp,330627992,,330627990,330627987
terraform-providers.kreuzwerker_docker,,,329491740,329491739
terraform-providers.opentelekomcloud_opentelekomcloud,,,330600884,
tests.auto-patchelf-structured-log,,329492451,329492458,329492455
tests.build-environment-info,329492456,329492452,329492462,329492461
tests.cc-multilib-clang,329492742,,,
tests.cc-wrapper.default,,,329492651,329492650
tests.cc-wrapper.gccTests.gccMultiStdenv,329492770,,,
tests.cc-wrapper.llvmTests.llvmPackages.clang,,,329492677,329492675
tests.cc-wrapper.llvmTests.llvmPackages_19.clang,,,329492697,329492694
tests.cc-wrapper.llvmTests.llvmPackages_19.libcxx,,,329492720,329492701
tests.cc-wrapper.llvmTests.llvmPackages_20.clang,,,329492709,329492705
tests.cc-wrapper.llvmTests.llvmPackages_21.clang,,,329492710,329492706
tests.cc-wrapper.llvmTests.llvmPackages_22.clang,,,330582298,330582295
tests.hardeningFlags-gcc.fortify3ExplicitEnabledExecTest,,,329493510,329493513
tests.hardeningFlags-gcc.sfa1explicitEnabledExecTest,,,329493587,329493584
tests.hardeningFlags-gcc.sfa3StdenvUnsuppDoesntUnsuppSfa1ExecTest,,,329493602,329493604
tests.hardeningFlags-gcc.sfa3explicitDisabledDoesntDisableSfa1ExecTest,,,329493626,329493607
tests.hardeningFlags-gcc.sfa3explicitEnabledProtectsDefLen1ExecTest,,,329493622,329493619
tests.home-assistant-components.openweathermap,329752565,,,
tests.home-assistant-components.switcher_kis,330582314,,,
tests.substitute.legacyVar,,,,330335421
tests.testers.hasCmakeConfigModules.eigen-does-not-have-eigen,,,329497246,329497244
textidote,,,329497968,
teyjus,,,329498070,329498064
tinycc,,,329498625,
tm,329498864,329498862,,
todds,,329499220,,
tpm2-totp,,,329499543,329500419
tpnote,,329499554,,
transmission-rss,,,329499797,329499794
transmission_4-qt,,,329499811,329499804
transmission_4-qt5,,,329499830,329499810
trgui-ng,,,330620285,
truecrack,,,329501167,
ts-warp,,,329501223,329501221
tsduck,,,329501244,329501246
tt-smi,330616634,330616638,330616641,330616640
tuir,,,,329501471
tuxclocker-plugins,329501605,329501604,,
twinejs,,,329501761,329501686
ucode,,,329522713,329522709
uhd,,,329522945,
uhdMinimal,,,329522904,
ulfius,,,330631448,330631449
unblob,330620304,330620303,330335624,330335625
unshieldv3,,,329523453,329523451
urn-timer,,,329523671,329523672
uucp,,,329523852,329523849
uxn11,,,329523951,329523949
vapoursynth-eedi3,329524121,,,
vapoursynth-nnedi3cl,329524124,,,
vapoursynth-znedi3,329524129,329524125,,
varnish,,,329710016,329710014
varnish60,,,329710031,329710020
varnish60Packages.varnish,,,329710034,329710028
varnish80,,,329710032,329710030
varnish80Packages.varnish,,,329710040,329710038
varnishPackages.varnish,,,329710047,329710045
vault-tasks,329524189,329524187,329524188,329524186
vc4-newlib,,,329524242,329524240
vcdimager,,,329524253,329524249
vdmfec,,,329524317,329524316
veila,,330584909,,
veloren,329718954,329718956,329718963,329718960
verilator,,,329524466,329524463
versatiles,,,330582361,330582360
vertcoin,329524505,329524504,,
vertcoind,329524495,329524493,,
vesta,,,329524513,329524511
vgm2x,,,329524530,329524528
vhd2vl,329524549,329524547,,329524546
vixl,,,329526576,329526574
vodozemac-bindings-cpp,,,329526691,329526687
vorbisgain,,,329526744,329526741
wapiti,,,330628188,330628189
waylock,,329529331,,
webdev,329529824,329529486,,
werf,,,329722749,329722747
wf-config,329529703,329529696,,
wf-touch,329529707,329529705,329529704,329529702
whitesur-gtk-theme,,,329529872,329529848
whosthere,,,,330582391
wol,,,329530328,329530327
wownero,,,329530673,329530670
wrangler,,,,330628247
wxc,,,329530868,329530866
x11basic,329530930,329530929,,
xcbuild,329531140,329531138,,
xclock,,,329531179,329531173
xcodebuild,329531183,329531181,,
xdriinfo,,,329531337,329531335
xed,,,329531369,
xephem,,,329531405,
xeus-cling,329531551,329531554,,
xfstests,330622813,330622811,,
xhosts,,,329531684,329531683
xmoto,,,329531955,329531959
xob,,,329532009,329532008
xonotic-dedicated-unwrapped,,,329532013,329532011
xonotic-sdl-unwrapped,,,329532020,329532022
xsnow,,329532245,329532280,329532275
xstow,,,329532279,329532271
z88dk,329533256,329533251,,
zcash,329533479,329533471,329533500,
zee,,,329533489,329533488
zf,,,329533629,329533624
zigfetch,,,329533722,329533716
