id,namex86_64-linux,aarch64-linux,x86_64-darwin,aarch64-darwin
_389-ds-base,305726939,305726937,,
_3cpio,,,306632433,306632432
ac-library,,305727149,,
aeron-cpp,,,305727481,305727480
age-plugin-fido2-hmac,,,306010692,306010690
akkuPackages.ufo-timer,305728899,305728901,,
akkuPackages.wak-htmlprag,,305728921,,305728925
akkuPackages.xyz-modem,305728969,305728966,305728968,305728967
alice-tools-qt6,,,305729109,305729110
alot,306113565,,,
amnezia-vpn,,,306630317,306630318
angelscript,,,306032230,
ansible_2_16,306034107,306034094,306034093,306034095
ansible_2_17,306034101,306034109,306034096,306034112
apacheHttpdPackages.mod_python,305729943,305729946,,
apacheHttpdPackages.mod_tile,306113568,306113570,,
apacheHttpdPackages_2_4.mod_python,305730019,305730020,,
apacheHttpdPackages_2_4.mod_tile,306113567,306113569,,
apftool-rs,,305730115,,
applgrid,306099207,306099206,306099204,306099205
aranym,,305730355,305730356,305730357
armTrustedFirmwareTools,,,306560204,306560205
ath9k-htc-blobless-firmware-unstable,,,305731486,305731483
ath9k-htc-blobless-firmware,,305731484,305731477,305731480
atlauncher,,305731617,,
ausweiskopie,,,306069051,306069052
avfs,,,305731921,305731919
aw-notify,,,306560207,306560206
aws-adfs,305732018,305732014,305732009,305732004
aws-signing-helper,,,305732109,305732107
azure-cli,306085006,306085007,306085008,306085005
azurehound,305732927,,,
bacula,,,305733009,
balena-cli,,,306591242,
banana-vera,,,305733110,305733112
bashdb,305733293,305733292,,
beam28Packages.pc,305733721,305733713,305733716,305733709
beam28Packages.rebar3-nix,305733728,305733734,305733730,305733723
beam28Packages.rebar3-proper,305733733,305733738,305733745,305733729
beamMinimal28Packages.pc,305733944,305733939,305733942,305733940
beamMinimal28Packages.rebar3-nix,305733958,305733953,305733954,305733955
beamMinimal28Packages.rebar3-proper,305733961,305733959,305733957,305733956
beanhub-cli,305734088,305734083,305734091,305734078
bencode,305734149,,,
bibata-cursors-translucent,305734284,305734280,,
bino3d,305734424,305734419,305734418,305734417
blockstream-electrs,306069159,,,
bluesky-pds,,,306069154,306069155
bootil,,,305735143,305735145
break-time,305735375,305735371,,
brewtarget,,,305735393,305735392
brlcad,305735423,,,
btanks,,,305735580,305735579
buck2,,,306581238,306581237
buildah-unwrapped,,,305735722,
bullet-roboschool,,,,305735885
c0,,,,305736109
cairo-lang,305736233,305736228,305736230,305736229
candle,,,305736360,305736365
canokey-usbip,,,305736375,305736374
cargo-codspeed,,305736605,305736604,305736602
cargo-risczero,,,305736870,305736874
cargo-semver-checks,,,305736886,305736884
cargo-ui,,,305736963,305736962
carps-cups,,,305737048,305737042
cbconvert-gui,305737273,305737272,,
cbconvert,305737274,305737271,,
cbftp,,,305737289,305737286
cc-tool,305737348,305737342,305737344,305737340
cccc,,,305737377,305737373
cdesktopenv,305737494,305737497,,
cdparanoia,,,305737510,305737503
cdparanoiaIII,,,305737504,305737501
cegui,305737545,305737536,,
cernlib,,,305737617,
certinfo,,,305737649,
cfv,,,305737755,305737753
chelf,,,305738004,305738002
chewing-editor,,,305738054,305738044
chickenPackages_5.chickenEggs.iconv,,,305738898,305738896
chrony,,,306591295,306591293
ciao,305740568,305740566,,
cjdns,305740691,305740696,305740699,305740697
clang-uml,,,,305740779
clasp-common-lisp,,,305740921,
clboss,,,305740890,305740889
clfft,,,305740936,305740946
clickhouse-backup,,,305740984,305740981
clickhouse,,,306091189,306091186
cloudcheck,305741200,305741196,305741201,305741199
coan,,,305741460,305741458
coloquinte,305741718,305741717,,
color-transformation-language,,,305741722,305741720
commitmsgfmt,305741865,305741861,305741862,305741860
compactor,,,305741940,305741925
cone,,,305742026,305742023
conserve,,,305742094,
construo,,,305742120,305742119
construoBase,,,305742124,305742127
contour,,,305742179,305742158
coqPackages.RustExtraction,306085155,,,
coredns,,,305742739,305742730
coreth,,,306010752,
couchdb3,,,306080686,306080684
cp437,,,305742977,305742975
cpp-ipfs-http-client,,,305743000,
cronie,,,305743334,305743331
cups-dymo,,,305743764,305743759
curl-impersonate-ff,,,305743806,305743799
cwltool,305744383,305744254,305744192,305744183
cxx-rs,305743955,305743952,305743953,305743951
cyclone-scheme,,,305743987,305743985
cyclonedx-python,305744005,305744004,305744003,305744002
dasher,,,305744345,305744336
db-rest,,,305744467,305744447
dcm2niix,,,305744583,305744581
deadpixi-sam-unstable,,,305744700,305744692
degate,,,,305744801
degit,305744811,305744805,305744812,305744807
deluged,,,305744884,305744896
deskew,,,305744993,305744962
devpod-desktop,306581267,306581266,306581268,306581269
dia,,,305745231,305745228
dico,,,305745250,305745242
dillo-plus,,,305745415,305745409
direvent,,,305745491,305745487
discordchatexporter-cli,,,,306576833
dleyna,,,306091256,306091257
dnadd,,,305745803,305745799
dnslink-std-go,,,305745864,305745861
docker-machine-kvm2,,306050850,,
docling-serve,306633152,,306633164,306633151
documenso,305746160,305746159,305746161,305746164
doomrunner,,,305746287,305746288
doomseeker,,,305746301,305746294
dosbox,,,305746332,305746328
dotnetCorePackages.dotnet_10.vmr,306576917,,,
dt,,,305747077,305747072
easyloggingpp,305747510,305747507,305747509,305747508
ebtks,,,305747559,305747556
ecl_16_1_2,305747604,305747602,305747603,
ecm,305747644,305747640,,
eggnog-mapper,,,305747819,305747812
egoboo,,,305747842,305747840
electron-cash,,,305747949,305747952
electrum,,,,306069422
eli,305748055,305748056,,
emacs-macport,,,306091305,306091309
emacs29-macport,,,306091322,306091310
emboss,,,305748313,305748311
emojione,,,306069444,306069440
encfs,,,305748460,305748458
ente-desktop,,,306069452,306069449
equalx,,,305748764,305748742
eriscmd,,305748818,,
etterna,,305748998,,
eureka-ideas,,,305749018,305749014
eventstore,,,306085606,
exhaustive,305749181,305749183,305749180,305749182
explain,305749242,,,
extractpdfmark,,,305749367,305749295
fatcat,,,305749698,305749696
fbv,,,305749800,305749799
fcitx5-openbangla-keyboard,306069575,,,
fflas-ffpack,,,305750104,
finalfrontier,,,305750356,305750353
firebird_3,305750451,,,
firefox-beta-unwrapped,,306630462,,
firmware-manager,305750515,305750516,,
fishPlugins.fzf-fish,,,306581314,306581315
flatcc,,,305750874,305750873
flex-launcher,,,305750940,305750948
floorp-unwrapped,,,306034253,306034254
fmi-reference-fmus,,,305751247,
fmsynth,305751264,305751261,,
forgejo-runner,,,306633263,306633260
fortanix-sgx-tools,305751485,,,
foxtrotgps,,,306069646,306069648
framac,,,,306630479
frawk,305751644,305751638,305751640,305751635
freepv,,,305751717,305751715
fromager,306063395,306063392,306063391,306063390
fverb,,,,305752092
g15daemon,,,305752184,305752183
gaphor,305752349,305752358,,
garble,,305752386,,
garmintools,,,305752396,
gawkextlib.select,,,,305752564
gccNGPackages_15.libbacktrace,,,305752695,305752693
gccNGPackages_15.libquadmath,305752714,,,
gdtoolkit_3,305752958,305752929,305752943,305752932
genmap,,,305753081,305753080
geos_3_9,,,305753162,305753159
gerbil-unstable,305753186,305753189,305753188,305753185
gerbil,305753181,305753183,305753187,305753179
getxbook,,,305753267,305753264
gforth,,,305753307,
gftp,305753328,305753326,305753341,305753327
gg-jj,306581354,306581345,306581344,306581357
ggshield,,306560365,,306560366
ggz_base_libs,305753352,305753353,,
ghdl-gcc,305753456,,,
ghidra-extensions.gnudisassembler,,,,306069692
git-annex,,,306633275,
git-chain,,,305753866,305753864
git-together,,,305754216,305754207
glabels,305754571,305754569,,
gleam,,,306581373,
glew110,,,305754644,305754637
glicol-cli,,,305754701,305754703
gloox,,,305754765,305754761
glrnvim,,,305754793,305754788
gluesql,305754815,305754814,305754812,305754813
gmu,,,305754903,305754893
gnome2.ORBit2,,,305755387,305755382
gns3-server,305755500,305755502,,
gnu-cim,,,305755439,
gnucobol,305755489,305755488,305755491,305755490
google-cloud-cpp,,,,305758132
goose-cli,,306591469,,
goresym,,,305758274,
goxlr-utility,,,305758547,305758502
gphotos-sync,305758562,305758552,305758554,305758568
gpio-utils,306114003,306114002,,
gpx,305758647,305758646,305758643,305758644
gqlint,305758691,305758685,305758690,305758681
graalvmPackages.graalvm-ce-musl,,305758726,,
gradm,,305758781,,
grafx2,,,305758968,305758973
graphia,305759016,,,
gscan2pdf,306069873,,,
gst_all_1.gst-plugins-rs,,,306099283,306099282
gtkgnutella,,,305759679,305759678
guile-git,,,,305759858
guile-ncurses,305759905,305759904,305759908,305759902
gxmatcheq-lv2,305760110,305760105,305760107,305760104
gxplugins-lv2,,,305760114,305760112
gz-cmake,,,305760129,
handlr-regex,,,305760356,305760341
happy,,,,305760382
hash_extender,,,305760444,305760442
hashcash,,,305760448,305760446
haskell.compiler.ghc810,,,305760517,305760496
haskell.compiler.ghc8107,,,305760499,305760497
haskell.compiler.ghc90,,,305760516,305760514
haskell.compiler.ghc902,,,305760522,305760524
haskell.compiler.ghc92,,,305760535,305760549
haskell.compiler.ghc928,,,305760542,305760541
haskell.compiler.integer-simple.ghc810,,,305760617,305760646
haskell.compiler.integer-simple.ghc8107,,,305760618,305760647
haskell.compiler.native-bignum.ghc90,,,305760650,305760651
haskell.compiler.native-bignum.ghc902,,,305760626,305760635
haskell.compiler.native-bignum.ghc92,,,305760659,305760652
haskell.compiler.native-bignum.ghc928,,,305760658,305760656
haskellPackages.Gamgine,,,305761189,305761191
haskellPackages.HsASA,,305761390,,
haskellPackages.HsHTSLib,,,305761396,305761395
haskellPackages.barbly,,,305764682,305764686
haskellPackages.bed-and-breakfast,,,305764832,305764827
haskellPackages.bytestring-encoding,,,305765722,305765719
haskellPackages.cabal2nix-unstable,,,,306591493
haskellPackages.copilot-c99,,,305767267,305767261
haskellPackages.derive-prim,,,305768317,305768320
haskellPackages.duckdb-haskell,,,305769051,305769046
haskellPackages.epub-metadata,,,305769504,305769497
haskellPackages.error-codes,,,305769548,305769545
haskellPackages.executable-hash,,,,305769709
haskellPackages.exinst-base,,,305769730,305769733
haskellPackages.fold-debounce,,,,305770324
haskellPackages.freetype2,,305770520,305770524,305770518
haskellPackages.fudgets,,,305770586,305770585
haskellPackages.genvalidity-dirforest,,,305771015,305771020
haskellPackages.gerrit,,,305771124,305771122
haskellPackages.gi-clutter,305771425,305771418,305771419,305771423
haskellPackages.gi-gdkx113,,,305771464,305771460
haskellPackages.gi-gdkx114,,,306630547,306630565
haskellPackages.gi-gtkosxapplication,,,305771534,305771532
haskellPackages.gi-soup3,,,305771596,305771595
haskellPackages.git-annex,,,306633306,
haskellPackages.gpu-vulkan-middle,305772619,305772865,305772624,305772618
haskellPackages.gtk-mac-integration,,,305772788,305772787
haskellPackages.gtk-traymanager,,,305772806,305772810
haskellPackages.gtk3-mac-integration,,,305772820,305772824
haskellPackages.hamid,,,305773025,305773019
haskellPackages.haskell-bee-pgmq,305773200,305773199,,
haskellPackages.highlight,,,305773793,305773784
haskellPackages.hlibgit2,,305773912,305773916,
haskellPackages.huckleberry,,,305775022,305775015
haskellPackages.hunspell-hs,,,305775036,305775035
haskellPackages.implicit,,,305775374,305775373
haskellPackages.inline-asm,,,305775500,
haskellPackages.kqueue,,,305776311,305776312
haskellPackages.llvm-tf,,,306591521,306591520
haskellPackages.long-double,,305777259,,
haskellPackages.memcache,,,305777730,305777729
haskellPackages.memzero,,,305777767,305777766
haskellPackages.minici,,,305777987,305777989
haskellPackages.monomer,,,305778474,305778467
haskellPackages.network-can,,,305779023,305779012
haskellPackages.om-time,,,305779629,305779625
haskellPackages.openai-hs,,,305779692,305779695
haskellPackages.persistent-pagination,,,,305780557
haskellPackages.phatsort,,,305780609,305780605
haskellPackages.ping-wrapper,,,305780691,305780688
haskellPackages.pipes-zlib,,,305780818,305780812
haskellPackages.posix-socket,,,305781093,305781086
haskellPackages.posix-timer,,,305781084,305781082
haskellPackages.pthread,,,305781743,305781736
haskellPackages.rawfilepath,,,305782205,305782201
haskellPackages.rdtsc-enolan,,305782224,,305782221
haskellPackages.rdtsc,,305782219,,305782217
haskellPackages.reflex-sdl2,,,305782514,305782500
haskellPackages.sdl2-cairo,,,305783371,305783378
haskellPackages.select,,,305783415,305783414
haskellPackages.sha256,,,305783880,305783878
haskellPackages.simdutf,,305784127,,
haskellPackages.socket,,,305784552,305784551
haskellPackages.store,,,305785154,305785151
haskellPackages.system-linux-proc,,,305785729,305785726
haskellPackages.tailfile-hinotify,,,305785827,305785825
haskellPackages.trexio-hs,306114068,306114067,306091596,306091597
haskellPackages.wai-middleware-metrics,,,305788521,305788522
haskellPackages.xmonad-utils,,,305789175,305789180
haskellPackages.zlib-bytes,,,305789667,305789674
haskellPackages.zot,,,305789683,305789682
haskellPackages.zxcvbn-c,,,305789719,305789698
hdate,,,305789873,305789870
herwig,306099288,,,
home-assistant-component-tests.airtouch5,,306581464,,
home-assistant-component-tests.google,306581984,,,
home-assistant-component-tests.imeon_inverter,306582137,306582153,,
home-assistant-component-tests.livisi,306582295,306582316,,
home-assistant-component-tests.netgear_lte,306582505,306582533,,
home-assistant-component-tests.notion,306582563,306582536,,
home-assistant-component-tests.playstation_network,306582690,,,
home-assistant-component-tests.sonos,,306582977,,
home-assistant-component-tests.spotify,306583016,306582996,,
home-assistant-component-tests.stream,306583018,,,
home-assistant-component-tests.tado,306583056,306583064,,
home-assistant-component-tests.totalconnect,306583150,306583145,,
home-assistant-component-tests.traccar_server,306583147,306583156,,
home-assistant-component-tests.vesync,306583247,306583240,,
hop,305792800,305792798,,
httplz,305793109,305793101,305793099,305793098
hugs,305793188,305793187,,
i2pd-tools,,,305794099,305794101
ibm-sw-tpm2,305794220,305794218,305794219,305794216
iconpack-jade,305794374,305794371,,
iconpack-obsidian,305794379,305794380,,
id3,,,305794454,305794452
idrisPackages.eternal,,,305794614,305794589
idrisPackages.mhd,,,305794692,305794704
idrisPackages.pacman,,,305794696,305794730
imagelol,,,305795001,305794997
imageworsener,305795020,305795018,305795021,305795015
imgproxy,,,306070000,
indradb-client,305795322,305795320,305795323,305795321
indradb-server,305795329,305795325,305795327,305795324
industrializer,305795332,305795330,,
inko,305795444,305795441,305795445,305795442
ioq3-scion,,,305795729,305796111
ip2unix,,305795799,,
iqtree,,,305795919,
iredis,305795941,305795938,305795939,305795940
irrlicht,,,305795970,305795968
isabelle,,,305995016,305995013
ispc,,,305796048,
ispike,305796058,305796056,305796057,305796055
jackett,,,305796262,
jbofihe,,,305796400,305796395
jdk8_headless,305796490,305796487,,
jdupes,,,306034343,306034340
jerryscript,,305796571,305796573,305796570
jetbrains.jdk-no-jcef-17,,305796597,,
jextract,,,305796630,305796628
jigasi,305796686,305796685,,
jose,,,305796865,305796861
jre8_headless,305797018,305797017,,
jtdx,,,305797290,305797270
jumanpp,,,305797254,305797252
junkie,305797287,305797286,305797285,305797284
kaldi,,,305797611,305797607
kanagawa-icon-theme,,,305797684,305797677
kcl-language-server,305797878,305797877,,
kclvm,305797884,305797882,305797885,305797883
kdePackages.appstream-qt,,,305797964,305797956
kdePackages.wayland,,,305799076,305799081
keeperrl,305799168,,,
keydb,305799266,305799264,,305799262
kgeotag,305799324,305799322,,
kgt,,,305799329,305799323
kitsas,305799471,305799472,305799473,305799474
knossosnet,,306577323,,
kord,,,305800052,305800051
l-smash,,,305800750,305800743
la-capitaine-icon-theme,305800752,305800751,,
lambda-delta,305800829,305800827,,
landrun,,305800852,,
lauti,,,,306577356
lcm,,,305801131,305801129
lean,,,305801247,305801246
lean2,,,305801251,
lean3,,,305801252,305801249
lenmus,,,305801408,305801404
lerna_6,,305801445,,
levmar,,,,305801497
lib3270,305801573,305801571,,
libcardiacarrest,,,305801890,305801889
libcec_platform,,,305801929,305801930
libcork,,,305802027,305802029
libcutl,,,,305802120
libe-book,,,305802281,305802279
liberal-crime-squad,,,305802374,305802369
libesmtp,,,305802373,305802365
libexecinfo,,,305802415,305802413
libfsm,,,305802532,305802518
libgda5,305802552,305802554,305802558,305802556
libglycin,,305802626,,
libiio,,,305802835,305802831
libinfinity,,,305802856,305802858
libinjection,,,305802850,305802848
liblastfmSF,,,305803028,305803022
liblaxjson,,,305803034,305803029
liblbfgs,,,,305803033
liblinphone,305803090,305803092,,
libmspub,,,305803287,
libnop,305803451,305803450,305803452,305803454
libopensmtpd,,,305803545,305803539
libpisp,,,305803681,305803677
libportal-gtk3,,,305803719,305803717
libportal-gtk4,,,305803723,305803833
libportal-qt5,,,305803731,305803725
libportal-qt6,305803730,305803729,305803728,305803727
libportal,,,305803714,305803711
librasterlite2,305803840,305803851,305803853,305803848
libsForQt5.kdb,305804386,305804382,,
libsForQt5.liblastfm,,,305804586,305804590
libsForQt5.pulseaudio-qt,,,305804669,305804661
libsForQt5.qjson,,,305804685,305804679
libsForQt5.qoauth,,,305804695,305804691
libsForQt5.qtmpris,,,305804958,305804955
libsigsegv,,,305805251,
libtapi,,305805415,,
libtinfo,305805474,305805473,305805477,305805471
libucontext,,305805573,,
libui-ng,,,,305805598
libui,,,305805599,305805591
libxc_7,,,306257300,
libxls,305805901,305805897,305805898,305805896
linuxKernel.kernels.linux_rt_5_10,305989571,,,
linuxKernel.kernels.linux_rt_5_4,305989543,,,
linuxKernel.packages.linux_5_10.acer-wmi-battery,,306114262,,
linuxKernel.packages.linux_5_10.akvcam,306114274,306114269,,
linuxKernel.packages.linux_5_10.dddvb,306114280,306114331,,
linuxKernel.packages.linux_5_10.mbp2018-bridge-drv,306114351,306114346,,
linuxKernel.packages.linux_5_10.netatop,306114380,306114376,,
linuxKernel.packages.linux_5_10.r8168,306114373,306114403,,
linuxKernel.packages.linux_5_10.tbs,,306114414,,
linuxKernel.packages.linux_5_10.tsme-test,,306114434,,
linuxKernel.packages.linux_5_10.tuxedo-drivers,306114431,,,
linuxKernel.packages.linux_5_10.universal-pidff,,306114456,,
linuxKernel.packages.linux_5_10.virtualboxGuestAdditions,,306114473,,
linuxKernel.packages.linux_5_15.acer-wmi-battery,,306114464,,
linuxKernel.packages.linux_5_15.akvcam,306114483,306114467,,
linuxKernel.packages.linux_5_15.dddvb,306114489,306114488,,
linuxKernel.packages.linux_5_15.lenovo-legion-module,,306114552,,
linuxKernel.packages.linux_5_15.lttng-modules,306114568,306114567,,
linuxKernel.packages.linux_5_15.mbp2018-bridge-drv,306114545,306114544,,
linuxKernel.packages.linux_5_15.netatop,306114556,306114590,,
linuxKernel.packages.linux_5_15.tbs,,306114630,,
linuxKernel.packages.linux_5_15.tsme-test,,306114636,,
linuxKernel.packages.linux_5_15.tuxedo-drivers,306114642,,,
linuxKernel.packages.linux_5_15.universal-pidff,,306114670,,
linuxKernel.packages.linux_5_4.akvcam,306114693,,,
linuxKernel.packages.linux_5_4.dddvb,306114707,,,
linuxKernel.packages.linux_5_4.mbp2018-bridge-drv,306114754,,,
linuxKernel.packages.linux_5_4.netatop,306114760,,,
linuxKernel.packages.linux_5_4.nvidia_x11_vulkan_beta_open,306114795,,,
linuxKernel.packages.linux_5_4.perf,306114796,306114794,,
linuxKernel.packages.linux_5_4.r8168,306114839,,,
linuxKernel.packages.linux_5_4.tbs,306114831,,,
linuxKernel.packages.linux_6_1.acer-wmi-battery,,306114963,,
linuxKernel.packages.linux_6_1.dddvb,306114923,306114913,,
linuxKernel.packages.linux_6_1.lenovo-legion-module,,306114952,,
linuxKernel.packages.linux_6_1.mba6x_bl,306114984,306115007,,
linuxKernel.packages.linux_6_1.mbp2018-bridge-drv,306114959,306114966,,
linuxKernel.packages.linux_6_1.netatop,306114970,306114989,,
linuxKernel.packages.linux_6_1.shufflecake,306115033,306115032,,
linuxKernel.packages.linux_6_1.tbs,,306115042,,
linuxKernel.packages.linux_6_1.tsme-test,,306115049,,
linuxKernel.packages.linux_6_1.universal-pidff,,306115087,,
linuxKernel.packages.linux_6_12.acer-wmi-battery,,306115101,,
linuxKernel.packages.linux_6_12.ax99100,306115160,306115133,,
linuxKernel.packages.linux_6_12.fwts-efi-runtime,306115140,306115191,,
linuxKernel.packages.linux_6_12.lenovo-legion-module,,306115164,,
linuxKernel.packages.linux_6_12.linux-gpib,306115166,306115199,,
linuxKernel.packages.linux_6_12.lttng-modules,306115171,306115170,,
linuxKernel.packages.linux_6_12.mba6x_bl,306115197,306115178,,
linuxKernel.packages.linux_6_12.mbp2018-bridge-drv,306115185,306115175,,
linuxKernel.packages.linux_6_12.netatop,306115192,306115220,,
linuxKernel.packages.linux_6_12.rust-out-of-tree-module,306115280,306115292,,
linuxKernel.packages.linux_6_12.shufflecake,306115251,306115250,,
linuxKernel.packages.linux_6_12.tbs,,306115260,,
linuxKernel.packages.linux_6_12.tsme-test,,306115267,,
linuxKernel.packages.linux_6_12_hardened.acer-wmi-battery,,306583548,,
linuxKernel.packages.linux_6_12_hardened.ax99100,306583615,306583554,,
linuxKernel.packages.linux_6_12_hardened.fwts-efi-runtime,306583582,306583593,,
linuxKernel.packages.linux_6_12_hardened.lenovo-legion-module,,306583614,,
linuxKernel.packages.linux_6_12_hardened.linux-gpib,306583608,306583607,,
linuxKernel.packages.linux_6_12_hardened.lttng-modules,306583613,306583739,,
linuxKernel.packages.linux_6_12_hardened.mba6x_bl,306583637,306583634,,
linuxKernel.packages.linux_6_12_hardened.mbp2018-bridge-drv,306583618,306583628,,
linuxKernel.packages.linux_6_12_hardened.netatop,306583635,306583624,,
linuxKernel.packages.linux_6_12_hardened.rust-out-of-tree-module,306583694,306583690,,
linuxKernel.packages.linux_6_12_hardened.shufflecake,306583687,306583698,,
linuxKernel.packages.linux_6_12_hardened.tbs,,306583695,,
linuxKernel.packages.linux_6_12_hardened.tsme-test,,306583757,,
linuxKernel.packages.linux_6_16.acer-wmi-battery,,306115330,,
linuxKernel.packages.linux_6_16.apfs,306115360,306115347,,
linuxKernel.packages.linux_6_16.ax99100,306115333,306115332,,
linuxKernel.packages.linux_6_16.chipsec,306115337,,,
linuxKernel.packages.linux_6_16.digimend,306115358,306115362,,
linuxKernel.packages.linux_6_16.fwts-efi-runtime,306115371,306115363,,
linuxKernel.packages.linux_6_16.hid-ite8291r3,306115392,306115388,,
linuxKernel.packages.linux_6_16.lenovo-legion-module,,306115403,,
linuxKernel.packages.linux_6_16.linux-gpib,306115390,306115389,,
linuxKernel.packages.linux_6_16.lkrg,306115432,306115409,,
linuxKernel.packages.linux_6_16.lttng-modules,306115395,306115398,,
linuxKernel.packages.linux_6_16.mba6x_bl,306115415,306115396,,
linuxKernel.packages.linux_6_16.mbp2018-bridge-drv,306115399,306115402,,
linuxKernel.packages.linux_6_16.msi-ec,,306115454,,
linuxKernel.packages.linux_6_16.netatop,306115413,306115427,,
linuxKernel.packages.linux_6_16.rr-zen_workaround,306115464,,,
linuxKernel.packages.linux_6_16.rtl8188eus-aircrack,306115441,306115440,,
linuxKernel.packages.linux_6_16.rtl8189es,306115555,306115446,,
linuxKernel.packages.linux_6_16.rtl8189fs,306115445,306115451,,
linuxKernel.packages.linux_6_16.rtl8192eu,306115500,,,
linuxKernel.packages.linux_6_16.rtl8723ds,306115447,306115450,,
linuxKernel.packages.linux_6_16.rtl8812au,306115490,306115466,,
linuxKernel.packages.linux_6_16.rtl8814au,306115452,306115487,,
linuxKernel.packages.linux_6_16.rtl8821au,306115472,306115457,,
linuxKernel.packages.linux_6_16.rtl8821cu,306115463,306115468,,
linuxKernel.packages.linux_6_16.rtl8852au,306115488,,,
linuxKernel.packages.linux_6_16.rtl8852bu,306115533,,,
linuxKernel.packages.linux_6_16.rtl88x2bu,306115460,306115471,,
linuxKernel.packages.linux_6_16.rtl88xxau-aircrack,306115462,306115461,,
linuxKernel.packages.linux_6_16.rust-out-of-tree-module,306115478,306115465,,
linuxKernel.packages.linux_6_16.shufflecake,306115521,306115470,,
linuxKernel.packages.linux_6_16.tsme-test,,306115485,,
linuxKernel.packages.linux_6_16.vmm_clock,306115537,,,
linuxKernel.packages.linux_6_16.zenergy,306115536,,,
linuxKernel.packages.linux_6_6.acer-wmi-battery,,306115535,,
linuxKernel.packages.linux_6_6.lenovo-legion-module,,306115619,,
linuxKernel.packages.linux_6_6.lttng-modules,306115625,306115636,,
linuxKernel.packages.linux_6_6.mba6x_bl,306115623,306115630,,
linuxKernel.packages.linux_6_6.mbp2018-bridge-drv,306115614,306115610,,
linuxKernel.packages.linux_6_6.netatop,306115645,306115632,,
linuxKernel.packages.linux_6_6.shufflecake,306115692,306115728,,
linuxKernel.packages.linux_6_6.tbs,306115701,306115729,,
linuxKernel.packages.linux_6_6.tsme-test,,306115706,,
linuxKernel.packages.linux_6_6.universal-pidff,,306115709,,
linuxKernel.packages.linux_hardened.acer-wmi-battery,,306583758,,
linuxKernel.packages.linux_hardened.ax99100,306583796,306583759,,
linuxKernel.packages.linux_hardened.fwts-efi-runtime,306583792,306583965,,
linuxKernel.packages.linux_hardened.lenovo-legion-module,,306583823,,
linuxKernel.packages.linux_hardened.linux-gpib,306583821,306583819,,
linuxKernel.packages.linux_hardened.lttng-modules,306583829,306583966,,
linuxKernel.packages.linux_hardened.mba6x_bl,306583827,306583828,,
linuxKernel.packages.linux_hardened.mbp2018-bridge-drv,306583831,306583830,,
linuxKernel.packages.linux_hardened.netatop,306583840,306583837,,
linuxKernel.packages.linux_hardened.rust-out-of-tree-module,306583899,306583898,,
linuxKernel.packages.linux_hardened.shufflecake,306583904,306583903,,
linuxKernel.packages.linux_hardened.tbs,,306583913,,
linuxKernel.packages.linux_hardened.tsme-test,,306583918,,
linuxKernel.packages.linux_latest_libre.acer-wmi-battery,,306115763,,
linuxKernel.packages.linux_latest_libre.apfs,306115760,306115766,,
linuxKernel.packages.linux_latest_libre.ax99100,306115769,306115776,,
linuxKernel.packages.linux_latest_libre.chipsec,306115790,,,
linuxKernel.packages.linux_latest_libre.digimend,306115775,306115774,,
linuxKernel.packages.linux_latest_libre.fwts-efi-runtime,306115792,306115791,,
linuxKernel.packages.linux_latest_libre.hid-ite8291r3,306115809,306115797,,
linuxKernel.packages.linux_latest_libre.lenovo-legion-module,,306115815,,
linuxKernel.packages.linux_latest_libre.linux-gpib,306115866,306115870,,
linuxKernel.packages.linux_latest_libre.lkrg,306115821,306115840,,
linuxKernel.packages.linux_latest_libre.lttng-modules,306115823,306115822,,
linuxKernel.packages.linux_latest_libre.mba6x_bl,306115843,306115825,,
linuxKernel.packages.linux_latest_libre.mbp2018-bridge-drv,306115827,306115841,,
linuxKernel.packages.linux_latest_libre.msi-ec,,306115836,,
linuxKernel.packages.linux_latest_libre.netatop,306115844,306115881,,
linuxKernel.packages.linux_latest_libre.rr-zen_workaround,306115894,,,
linuxKernel.packages.linux_latest_libre.rtl8188eus-aircrack,306115869,306115880,,
linuxKernel.packages.linux_latest_libre.rtl8189es,306115912,306115907,,
linuxKernel.packages.linux_latest_libre.rtl8189fs,306115872,306115871,,
linuxKernel.packages.linux_latest_libre.rtl8192eu,306115873,,,
linuxKernel.packages.linux_latest_libre.rtl8723ds,306115875,306115941,,
linuxKernel.packages.linux_latest_libre.rtl8812au,306115877,306115919,,
linuxKernel.packages.linux_latest_libre.rtl8814au,306115910,306115895,,
linuxKernel.packages.linux_latest_libre.rtl8821au,306115893,306115882,,
linuxKernel.packages.linux_latest_libre.rtl8821cu,306115886,306115900,,
linuxKernel.packages.linux_latest_libre.rtl8852au,306115885,,,
linuxKernel.packages.linux_latest_libre.rtl8852bu,306115898,,,
linuxKernel.packages.linux_latest_libre.rtl88x2bu,306115922,306115888,,
linuxKernel.packages.linux_latest_libre.rtl88xxau-aircrack,306115890,306115889,,
linuxKernel.packages.linux_latest_libre.rust-out-of-tree-module,306115905,306115902,,
linuxKernel.packages.linux_latest_libre.shufflecake,306115899,306115908,,
linuxKernel.packages.linux_latest_libre.tsme-test,,306115927,,
linuxKernel.packages.linux_latest_libre.vmm_clock,306115959,,,
linuxKernel.packages.linux_latest_libre.zenergy,306115953,,,
linuxKernel.packages.linux_libre.acer-wmi-battery,,306116005,,
linuxKernel.packages.linux_libre.ax99100,306115967,306115980,,
linuxKernel.packages.linux_libre.fwts-efi-runtime,306116030,306116062,,
linuxKernel.packages.linux_libre.lenovo-legion-module,,306116061,,
linuxKernel.packages.linux_libre.linux-gpib,306116089,306116025,,
linuxKernel.packages.linux_libre.lttng-modules,306116032,306116086,,
linuxKernel.packages.linux_libre.mba6x_bl,306116054,306116046,,
linuxKernel.packages.linux_libre.mbp2018-bridge-drv,306116040,306116035,,
linuxKernel.packages.linux_libre.netatop,306116045,306116044,,
linuxKernel.packages.linux_libre.rust-out-of-tree-module,306116118,306116115,,
linuxKernel.packages.linux_libre.shufflecake,306116111,306116120,,
linuxKernel.packages.linux_libre.tbs,,306116185,,
linuxKernel.packages.linux_libre.tsme-test,,306116137,,
linuxKernel.packages.linux_lqx.apfs,306034402,,,
linuxKernel.packages.linux_lqx.ax99100,306034392,,,
linuxKernel.packages.linux_lqx.chipsec,306034380,,,
linuxKernel.packages.linux_lqx.digimend,306034401,,,
linuxKernel.packages.linux_lqx.fwts-efi-runtime,306034418,,,
linuxKernel.packages.linux_lqx.hid-ite8291r3,306034410,,,
linuxKernel.packages.linux_lqx.linux-gpib,306034426,,,
linuxKernel.packages.linux_lqx.lkrg,306034463,,,
linuxKernel.packages.linux_lqx.lttng-modules,306034413,,,
linuxKernel.packages.linux_lqx.mba6x_bl,306034440,,,
linuxKernel.packages.linux_lqx.mbp2018-bridge-drv,306034429,,,
linuxKernel.packages.linux_lqx.netatop,306034419,,,
linuxKernel.packages.linux_lqx.rr-zen_workaround,306034458,,,
linuxKernel.packages.linux_lqx.rtl8188eus-aircrack,306034475,,,
linuxKernel.packages.linux_lqx.rtl8189es,306034491,,,
linuxKernel.packages.linux_lqx.rtl8189fs,306034443,,,
linuxKernel.packages.linux_lqx.rtl8192eu,306034439,,,
linuxKernel.packages.linux_lqx.rtl8723ds,306034441,,,
linuxKernel.packages.linux_lqx.rtl8812au,306034442,,,
linuxKernel.packages.linux_lqx.rtl8814au,306034444,,,
linuxKernel.packages.linux_lqx.rtl8821au,306034445,,,
linuxKernel.packages.linux_lqx.rtl8821cu,306034446,,,
linuxKernel.packages.linux_lqx.rtl8852au,306034459,,,
linuxKernel.packages.linux_lqx.rtl8852bu,306034470,,,
linuxKernel.packages.linux_lqx.rtl88x2bu,306034455,,,
linuxKernel.packages.linux_lqx.rtl88xxau-aircrack,306034451,,,
linuxKernel.packages.linux_lqx.rust-out-of-tree-module,306034452,,,
linuxKernel.packages.linux_lqx.shufflecake,306034454,,,
linuxKernel.packages.linux_lqx.vmm_clock,306034483,,,
linuxKernel.packages.linux_lqx.zenergy,306034497,,,
linuxKernel.packages.linux_xanmod.ax99100,306251072,,,
linuxKernel.packages.linux_xanmod.fwts-efi-runtime,306251060,,,
linuxKernel.packages.linux_xanmod.linux-gpib,306251087,,,
linuxKernel.packages.linux_xanmod.lttng-modules,306251086,,,
linuxKernel.packages.linux_xanmod.mba6x_bl,306251082,,,
linuxKernel.packages.linux_xanmod.mbp2018-bridge-drv,306251110,,,
linuxKernel.packages.linux_xanmod.netatop,306251094,,,
linuxKernel.packages.linux_xanmod.rust-out-of-tree-module,306251147,,,
linuxKernel.packages.linux_xanmod.shufflecake,306251130,,,
linuxKernel.packages.linux_xanmod_latest.apfs,306251174,,,
linuxKernel.packages.linux_xanmod_latest.ax99100,306251192,,,
linuxKernel.packages.linux_xanmod_latest.chipsec,306251196,,,
linuxKernel.packages.linux_xanmod_latest.digimend,306251190,,,
linuxKernel.packages.linux_xanmod_latest.fwts-efi-runtime,306251194,,,
linuxKernel.packages.linux_xanmod_latest.hid-ite8291r3,306251203,,,
linuxKernel.packages.linux_xanmod_latest.linux-gpib,306251219,,,
linuxKernel.packages.linux_xanmod_latest.lkrg,306251227,,,
linuxKernel.packages.linux_xanmod_latest.lttng-modules,306251225,,,
linuxKernel.packages.linux_xanmod_latest.mba6x_bl,306251211,,,
linuxKernel.packages.linux_xanmod_latest.mbp2018-bridge-drv,306251241,,,
linuxKernel.packages.linux_xanmod_latest.netatop,306251284,,,
linuxKernel.packages.linux_xanmod_latest.rr-zen_workaround,306251242,,,
linuxKernel.packages.linux_xanmod_latest.rtl8188eus-aircrack,306251285,,,
linuxKernel.packages.linux_xanmod_latest.rtl8189es,306251237,,,
linuxKernel.packages.linux_xanmod_latest.rtl8189fs,306251238,,,
linuxKernel.packages.linux_xanmod_latest.rtl8192eu,306251250,,,
linuxKernel.packages.linux_xanmod_latest.rtl8723ds,306251245,,,
linuxKernel.packages.linux_xanmod_latest.rtl8812au,306251251,,,
linuxKernel.packages.linux_xanmod_latest.rtl8814au,306251243,,,
linuxKernel.packages.linux_xanmod_latest.rtl8821au,306251253,,,
linuxKernel.packages.linux_xanmod_latest.rtl8821cu,306251257,,,
linuxKernel.packages.linux_xanmod_latest.rtl8852au,306251248,,,
linuxKernel.packages.linux_xanmod_latest.rtl8852bu,306251269,,,
linuxKernel.packages.linux_xanmod_latest.rtl88x2bu,306251289,,,
linuxKernel.packages.linux_xanmod_latest.rtl88xxau-aircrack,306251261,,,
linuxKernel.packages.linux_xanmod_latest.rust-out-of-tree-module,306251273,,,
linuxKernel.packages.linux_xanmod_latest.shufflecake,306251254,,,
linuxKernel.packages.linux_xanmod_latest.vmm_clock,306251418,,,
linuxKernel.packages.linux_xanmod_latest.zenergy,306251412,,,
linuxKernel.packages.linux_xanmod_stable.apfs,306251295,,,
linuxKernel.packages.linux_xanmod_stable.ax99100,306251298,,,
linuxKernel.packages.linux_xanmod_stable.chipsec,306251394,,,
linuxKernel.packages.linux_xanmod_stable.digimend,306251307,,,
linuxKernel.packages.linux_xanmod_stable.fwts-efi-runtime,306251317,,,
linuxKernel.packages.linux_xanmod_stable.hid-ite8291r3,306251320,,,
linuxKernel.packages.linux_xanmod_stable.linux-gpib,306251336,,,
linuxKernel.packages.linux_xanmod_stable.lkrg,306251338,,,
linuxKernel.packages.linux_xanmod_stable.lttng-modules,306251339,,,
linuxKernel.packages.linux_xanmod_stable.mba6x_bl,306251340,,,
linuxKernel.packages.linux_xanmod_stable.mbp2018-bridge-drv,306251341,,,
linuxKernel.packages.linux_xanmod_stable.netatop,306251345,,,
linuxKernel.packages.linux_xanmod_stable.rr-zen_workaround,306251364,,,
linuxKernel.packages.linux_xanmod_stable.rtl8188eus-aircrack,306251365,,,
linuxKernel.packages.linux_xanmod_stable.rtl8189es,306251366,,,
linuxKernel.packages.linux_xanmod_stable.rtl8189fs,306251367,,,
linuxKernel.packages.linux_xanmod_stable.rtl8192eu,306251368,,,
linuxKernel.packages.linux_xanmod_stable.rtl8723ds,306251369,,,
linuxKernel.packages.linux_xanmod_stable.rtl8812au,306251370,,,
linuxKernel.packages.linux_xanmod_stable.rtl8814au,306251372,,,
linuxKernel.packages.linux_xanmod_stable.rtl8821au,306251373,,,
linuxKernel.packages.linux_xanmod_stable.rtl8821cu,306251376,,,
linuxKernel.packages.linux_xanmod_stable.rtl8852au,306251377,,,
linuxKernel.packages.linux_xanmod_stable.rtl8852bu,306251375,,,
linuxKernel.packages.linux_xanmod_stable.rtl88x2bu,306251378,,,
linuxKernel.packages.linux_xanmod_stable.rtl88xxau-aircrack,306251379,,,
linuxKernel.packages.linux_xanmod_stable.rust-out-of-tree-module,306251381,,,
linuxKernel.packages.linux_xanmod_stable.shufflecake,306251384,,,
linuxKernel.packages.linux_xanmod_stable.vmm_clock,306251417,,,
linuxKernel.packages.linux_xanmod_stable.zenergy,306251411,,,
linuxKernel.packages.linux_zen.apfs,306099357,,,
linuxKernel.packages.linux_zen.ax99100,306099338,,,
linuxKernel.packages.linux_zen.chipsec,306099380,,,
linuxKernel.packages.linux_zen.digimend,306099336,,,
linuxKernel.packages.linux_zen.fwts-efi-runtime,306099367,,,
linuxKernel.packages.linux_zen.hid-ite8291r3,306099372,,,
linuxKernel.packages.linux_zen.linux-gpib,306099384,,,
linuxKernel.packages.linux_zen.lkrg,306099365,,,
linuxKernel.packages.linux_zen.lttng-modules,306099366,,,
linuxKernel.packages.linux_zen.mba6x_bl,306099378,,,
linuxKernel.packages.linux_zen.mbp2018-bridge-drv,306099381,,,
linuxKernel.packages.linux_zen.netatop,306099396,,,
linuxKernel.packages.linux_zen.rr-zen_workaround,306099405,,,
linuxKernel.packages.linux_zen.rtl8188eus-aircrack,306099394,,,
linuxKernel.packages.linux_zen.rtl8189es,306099430,,,
linuxKernel.packages.linux_zen.rtl8189fs,306099393,,,
linuxKernel.packages.linux_zen.rtl8192eu,306099402,,,
linuxKernel.packages.linux_zen.rtl8723ds,306099420,,,
linuxKernel.packages.linux_zen.rtl8812au,306099417,,,
linuxKernel.packages.linux_zen.rtl8814au,306099400,,,
linuxKernel.packages.linux_zen.rtl8821au,306099408,,,
linuxKernel.packages.linux_zen.rtl8821cu,306099399,,,
linuxKernel.packages.linux_zen.rtl8852au,306099407,,,
linuxKernel.packages.linux_zen.rtl8852bu,306099433,,,
linuxKernel.packages.linux_zen.rtl88x2bu,306099453,,,
linuxKernel.packages.linux_zen.rtl88xxau-aircrack,306099404,,,
linuxKernel.packages.linux_zen.rust-out-of-tree-module,306099406,,,
linuxKernel.packages.linux_zen.shufflecake,306099409,,,
linuxKernel.packages.linux_zen.vmm_clock,306099448,,,
linuxKernel.packages.linux_zen.zenergy,306099450,,,
linuxPackages-libre.acer-wmi-battery,,306116401,,
linuxPackages-libre.ax99100,306116419,306116415,,
linuxPackages-libre.fwts-efi-runtime,306116452,306116450,,
linuxPackages-libre.lenovo-legion-module,,306116478,,
linuxPackages-libre.linux-gpib,306116479,306116476,,
linuxPackages-libre.lttng-modules,306116488,306116482,,
linuxPackages-libre.mba6x_bl,306116487,306116483,,
linuxPackages-libre.mbp2018-bridge-drv,306116490,306116489,,
linuxPackages-libre.netatop,306116500,306116496,,
linuxPackages-libre.rust-out-of-tree-module,306116558,306116557,,
linuxPackages-libre.shufflecake,306116564,306116561,,
linuxPackages-libre.tbs,,306116583,,
linuxPackages-libre.tsme-test,,306116579,,
linuxPackages.acer-wmi-battery,,306116196,,
linuxPackages.ax99100,306116209,306116213,,
linuxPackages.fwts-efi-runtime,306116236,306116233,,
linuxPackages.lenovo-legion-module,,306116262,,
linuxPackages.linux-gpib,306116265,306116266,,
linuxPackages.lttng-modules,306116269,306116263,,
linuxPackages.mba6x_bl,306116270,306116272,,
linuxPackages.mbp2018-bridge-drv,306116276,306116273,,
linuxPackages.netatop,306116285,306116281,,
linuxPackages.rust-out-of-tree-module,306116346,306116345,,
linuxPackages.shufflecake,306116351,306116349,,
linuxPackages.tbs,,306116359,,
linuxPackages.tsme-test,,306116366,,
linuxPackages_latest-libre.acer-wmi-battery,,306116831,,
linuxPackages_latest-libre.apfs,306116843,306116842,,
linuxPackages_latest-libre.ax99100,306116847,306116845,,
linuxPackages_latest-libre.chipsec,306116861,,,
linuxPackages_latest-libre.digimend,306116863,306116862,,
linuxPackages_latest-libre.fwts-efi-runtime,306116876,306116875,,
linuxPackages_latest-libre.hid-ite8291r3,306116885,306116882,,
linuxPackages_latest-libre.lenovo-legion-module,,306116898,,
linuxPackages_latest-libre.linux-gpib,306116904,306116906,,
linuxPackages_latest-libre.lkrg,306116907,306116903,,
linuxPackages_latest-libre.lttng-modules,306116909,306116908,,
linuxPackages_latest-libre.mba6x_bl,306116914,306116910,,
linuxPackages_latest-libre.mbp2018-bridge-drv,306116915,306116913,,
linuxPackages_latest-libre.msi-ec,,306116917,,
linuxPackages_latest-libre.netatop,306116926,306116924,,
linuxPackages_latest-libre.rr-zen_workaround,306116950,,,
linuxPackages_latest-libre.rtl8188eus-aircrack,306116953,306116952,,
linuxPackages_latest-libre.rtl8189es,306116960,306116957,,
linuxPackages_latest-libre.rtl8189fs,306116961,306116954,,
linuxPackages_latest-libre.rtl8192eu,306116962,,,
linuxPackages_latest-libre.rtl8723ds,306116966,306116963,,
linuxPackages_latest-libre.rtl8812au,306116967,306116965,,
linuxPackages_latest-libre.rtl8814au,306116968,306116970,,
linuxPackages_latest-libre.rtl8821au,306116972,306116969,,
linuxPackages_latest-libre.rtl8821cu,306116975,306116973,,
linuxPackages_latest-libre.rtl8852au,306116977,,,
linuxPackages_latest-libre.rtl8852bu,306116971,,,
linuxPackages_latest-libre.rtl88x2bu,306116978,306116982,,
linuxPackages_latest-libre.rtl88xxau-aircrack,306116980,306116976,,
linuxPackages_latest-libre.rust-out-of-tree-module,306116986,306116981,,
linuxPackages_latest-libre.shufflecake,306116990,306116989,,
linuxPackages_latest-libre.tsme-test,,306116999,,
linuxPackages_latest-libre.vmm_clock,306117024,,,
linuxPackages_latest-libre.zenergy,306117034,,,
linuxPackages_latest.acer-wmi-battery,,306116621,,
linuxPackages_latest.apfs,306116634,306116633,,
linuxPackages_latest.ax99100,306116637,306116641,,
linuxPackages_latest.chipsec,306116639,,,
linuxPackages_latest.digimend,306116653,306116652,,
linuxPackages_latest.fwts-efi-runtime,306116667,306116669,,
linuxPackages_latest.hid-ite8291r3,306116676,306116671,,
linuxPackages_latest.lenovo-legion-module,,306116695,,
linuxPackages_latest.linux-gpib,306116694,306116699,,
linuxPackages_latest.lkrg,306116698,306116696,,
linuxPackages_latest.lttng-modules,306116701,306116700,,
linuxPackages_latest.mba6x_bl,306116703,306116705,,
linuxPackages_latest.mbp2018-bridge-drv,306116707,306116706,,
linuxPackages_latest.msi-ec,,306116710,,
linuxPackages_latest.netatop,306116714,306116713,,
linuxPackages_latest.rr-zen_workaround,306116746,,,
linuxPackages_latest.rtl8188eus-aircrack,306116748,306116749,,
linuxPackages_latest.rtl8189es,306116750,306116745,,
linuxPackages_latest.rtl8189fs,306116747,306116752,,
linuxPackages_latest.rtl8192eu,306116753,,,
linuxPackages_latest.rtl8723ds,306116756,306116754,,
linuxPackages_latest.rtl8812au,306116757,306116755,,
linuxPackages_latest.rtl8814au,306116759,306116758,,
linuxPackages_latest.rtl8821au,306116762,306116760,,
linuxPackages_latest.rtl8821cu,306116764,306116763,,
linuxPackages_latest.rtl8852au,306116768,,,
linuxPackages_latest.rtl8852bu,306116766,,,
linuxPackages_latest.rtl88x2bu,306116767,306116769,,
linuxPackages_latest.rtl88xxau-aircrack,306116771,306116770,,
linuxPackages_latest.rust-out-of-tree-module,306116778,306116774,,
linuxPackages_latest.shufflecake,306116779,306116780,,
linuxPackages_latest.tsme-test,,306116792,,
linuxPackages_latest.vmm_clock,306116817,,,
linuxPackages_latest.zenergy,306116825,,,
linuxPackages_lqx.apfs,306034511,,,
linuxPackages_lqx.ax99100,306034505,,,
linuxPackages_lqx.chipsec,306034517,,,
linuxPackages_lqx.digimend,306034518,,,
linuxPackages_lqx.fwts-efi-runtime,306034526,,,
linuxPackages_lqx.hid-ite8291r3,306034528,,,
linuxPackages_lqx.linux-gpib,306034544,,,
linuxPackages_lqx.lkrg,306034545,,,
linuxPackages_lqx.lttng-modules,306034550,,,
linuxPackages_lqx.mba6x_bl,306034547,,,
linuxPackages_lqx.mbp2018-bridge-drv,306034552,,,
linuxPackages_lqx.netatop,306034555,,,
linuxPackages_lqx.rr-zen_workaround,306034571,,,
linuxPackages_lqx.rtl8188eus-aircrack,306034570,,,
linuxPackages_lqx.rtl8189es,306034569,,,
linuxPackages_lqx.rtl8189fs,306034574,,,
linuxPackages_lqx.rtl8192eu,306034572,,,
linuxPackages_lqx.rtl8723ds,306034576,,,
linuxPackages_lqx.rtl8812au,306034573,,,
linuxPackages_lqx.rtl8814au,306034578,,,
linuxPackages_lqx.rtl8821au,306034577,,,
linuxPackages_lqx.rtl8821cu,306034581,,,
linuxPackages_lqx.rtl8852au,306034583,,,
linuxPackages_lqx.rtl8852bu,306034582,,,
linuxPackages_lqx.rtl88x2bu,306034584,,,
linuxPackages_lqx.rtl88xxau-aircrack,306034585,,,
linuxPackages_lqx.rust-out-of-tree-module,306034587,,,
linuxPackages_lqx.shufflecake,306034590,,,
linuxPackages_lqx.vmm_clock,306034610,,,
linuxPackages_lqx.zenergy,306034619,,,
linuxPackages_xanmod.ax99100,306251438,,,
linuxPackages_xanmod.fwts-efi-runtime,306251454,,,
linuxPackages_xanmod.linux-gpib,306251474,,,
linuxPackages_xanmod.lttng-modules,306251477,,,
linuxPackages_xanmod.mba6x_bl,306251481,,,
linuxPackages_xanmod.mbp2018-bridge-drv,306251478,,,
linuxPackages_xanmod.netatop,306251485,,,
linuxPackages_xanmod.rust-out-of-tree-module,306251517,,,
linuxPackages_xanmod.shufflecake,306251522,,,
linuxPackages_xanmod_latest.apfs,306251565,,,
linuxPackages_xanmod_latest.ax99100,306251563,,,
linuxPackages_xanmod_latest.chipsec,306251575,,,
linuxPackages_xanmod_latest.digimend,306251578,,,
linuxPackages_xanmod_latest.fwts-efi-runtime,306251587,,,
linuxPackages_xanmod_latest.hid-ite8291r3,306251588,,,
linuxPackages_xanmod_latest.linux-gpib,306251602,,,
linuxPackages_xanmod_latest.lkrg,306251604,,,
linuxPackages_xanmod_latest.lttng-modules,306251606,,,
linuxPackages_xanmod_latest.mba6x_bl,306251603,,,
linuxPackages_xanmod_latest.mbp2018-bridge-drv,306251607,,,
linuxPackages_xanmod_latest.netatop,306251614,,,
linuxPackages_xanmod_latest.rr-zen_workaround,306251624,,,
linuxPackages_xanmod_latest.rtl8188eus-aircrack,306251630,,,
linuxPackages_xanmod_latest.rtl8189es,306251631,,,
linuxPackages_xanmod_latest.rtl8189fs,306251633,,,
linuxPackages_xanmod_latest.rtl8192eu,306251629,,,
linuxPackages_xanmod_latest.rtl8723ds,306251634,,,
linuxPackages_xanmod_latest.rtl8812au,306251635,,,
linuxPackages_xanmod_latest.rtl8814au,306251636,,,
linuxPackages_xanmod_latest.rtl8821au,306251637,,,
linuxPackages_xanmod_latest.rtl8821cu,306251638,,,
linuxPackages_xanmod_latest.rtl8852au,306251639,,,
linuxPackages_xanmod_latest.rtl8852bu,306251640,,,
linuxPackages_xanmod_latest.rtl88x2bu,306251645,,,
linuxPackages_xanmod_latest.rtl88xxau-aircrack,306251644,,,
linuxPackages_xanmod_latest.rust-out-of-tree-module,306251643,,,
linuxPackages_xanmod_latest.shufflecake,306251649,,,
linuxPackages_xanmod_latest.vmm_clock,306251674,,,
linuxPackages_xanmod_latest.zenergy,306251684,,,
linuxPackages_xanmod_stable.apfs,306251687,,,
linuxPackages_xanmod_stable.ax99100,306251691,,,
linuxPackages_xanmod_stable.chipsec,306251811,,,
linuxPackages_xanmod_stable.digimend,306251698,,,
linuxPackages_xanmod_stable.fwts-efi-runtime,306251704,,,
linuxPackages_xanmod_stable.hid-ite8291r3,306251706,,,
linuxPackages_xanmod_stable.linux-gpib,306251723,,,
linuxPackages_xanmod_stable.lkrg,306251725,,,
linuxPackages_xanmod_stable.lttng-modules,306251726,,,
linuxPackages_xanmod_stable.mba6x_bl,306251727,,,
linuxPackages_xanmod_stable.mbp2018-bridge-drv,306251729,,,
linuxPackages_xanmod_stable.netatop,306251731,,,
linuxPackages_xanmod_stable.rr-zen_workaround,306251751,,,
linuxPackages_xanmod_stable.rtl8188eus-aircrack,306251749,,,
linuxPackages_xanmod_stable.rtl8189es,306251752,,,
linuxPackages_xanmod_stable.rtl8189fs,306251754,,,
linuxPackages_xanmod_stable.rtl8192eu,306251756,,,
linuxPackages_xanmod_stable.rtl8723ds,306251755,,,
linuxPackages_xanmod_stable.rtl8812au,306251753,,,
linuxPackages_xanmod_stable.rtl8814au,306251758,,,
linuxPackages_xanmod_stable.rtl8821au,306251757,,,
linuxPackages_xanmod_stable.rtl8821cu,306251761,,,
linuxPackages_xanmod_stable.rtl8852au,306251760,,,
linuxPackages_xanmod_stable.rtl8852bu,306251762,,,
linuxPackages_xanmod_stable.rtl88x2bu,306251763,,,
linuxPackages_xanmod_stable.rtl88xxau-aircrack,306251764,,,
linuxPackages_xanmod_stable.rust-out-of-tree-module,306251768,,,
linuxPackages_xanmod_stable.shufflecake,306251769,,,
linuxPackages_xanmod_stable.vmm_clock,306251794,,,
linuxPackages_xanmod_stable.zenergy,306251801,,,
linuxPackages_zen.apfs,306099481,,,
linuxPackages_zen.ax99100,306099480,,,
linuxPackages_zen.chipsec,306099489,,,
linuxPackages_zen.digimend,306099490,,,
linuxPackages_zen.fwts-efi-runtime,306099498,,,
linuxPackages_zen.hid-ite8291r3,306099508,,,
linuxPackages_zen.linux-gpib,306099518,,,
linuxPackages_zen.lkrg,306099520,,,
linuxPackages_zen.lttng-modules,306099522,,,
linuxPackages_zen.mba6x_bl,306099521,,,
linuxPackages_zen.mbp2018-bridge-drv,306099523,,,
linuxPackages_zen.netatop,306099527,,,
linuxPackages_zen.rr-zen_workaround,306099546,,,
linuxPackages_zen.rtl8188eus-aircrack,306099541,,,
linuxPackages_zen.rtl8189es,306099543,,,
linuxPackages_zen.rtl8189fs,306099545,,,
linuxPackages_zen.rtl8192eu,306099547,,,
linuxPackages_zen.rtl8723ds,306099548,,,
linuxPackages_zen.rtl8812au,306099549,,,
linuxPackages_zen.rtl8814au,306099544,,,
linuxPackages_zen.rtl8821au,306099553,,,
linuxPackages_zen.rtl8821cu,306099556,,,
linuxPackages_zen.rtl8852au,306099550,,,
linuxPackages_zen.rtl8852bu,306099555,,,
linuxPackages_zen.rtl88x2bu,306099557,,,
linuxPackages_zen.rtl88xxau-aircrack,306099558,,,
linuxPackages_zen.rust-out-of-tree-module,306099559,,,
linuxPackages_zen.shufflecake,306099563,,,
linuxPackages_zen.vmm_clock,306099587,,,
linuxPackages_zen.zenergy,306099591,,,
litestar,305811916,305811883,305811869,305811853
live555,,,305811868,305811863
lixStatic,,,306577691,306577688
lldb_14,305812239,305812237,305812238,305812235
lldb_15,305812240,305812241,305812236,305812231
lldb_16,305812245,305812244,305812250,305812249
lldb_17,305812248,305812246,305812247,305812253
llvmPackages_14.lldb,305812822,305812810,305812811,305812809
llvmPackages_15.lldb,305812949,305812946,305812945,305812947
llvmPackages_16.lldb,305813094,305813093,305813091,305813089
llvmPackages_17.lldb,305813238,305813235,305813236,305813237
llvmPackages_21.libc-overlay,,305813829,,
llvmPackages_21.libc,,305813814,,
loganalyzer,,,305814093,305814091
loki,,,305814223,305814221
lovely-injector,305814417,,,
lparchive2epub,305814442,305814440,305814443,305814441
lttoolbox,305814578,305814577,305814589,305814579
lua51Packages.fzf-lua,306630695,,,
lua51Packages.rocks-dev-nvim,,,306630728,306630732
lua52Packages.neotest,306630775,,,
lua53Packages.neotest,,306630827,,
luaPackages.neotest,306630949,,,
luajitPackages.lrexlib-gnu,305818186,305818195,305818185,305818190
luajitPackages.lua-cmsgpack,305818214,305818215,305818217,305818213
luajitPackages.neotest,,306631007,,
lwan,,305818895,,
m1n1,,,,306119743
maiko,,,305819335,305819333
makehuman,306560543,306560540,306560541,306560542
manticoresearch,305819594,305819591,305819593,305819590
mapserver,,,306086072,306117081
mariadb_114,,,305819882,
mariadb_118,,,305819889,
martin,305819972,305819969,305819971,305819970
maskromtool,,,305820012,305820010
mdsf,,,306011169,306011171
mediaelch-qt5,305820823,305820821,,
mediasynclite,,,305820848,305820845
meli,306117114,306117109,306091706,306091705
metapixel,,,305821209,305821211
meteor,305821222,,305821221,
micronucleus,,,305821346,305821345
micropython,,,305821359,
millipixels,306070416,306070442,,
mint,,305821686,305821677,305821696
mkosi-full,306080854,306080860,,
mkosi,305821888,305821899,,
mlkit,,,305821947,305821948
mlterm-wayland,,,305821969,305821965
mlterm,,,305821964,305821962
mltonHEAD,,,,305821990
mobsql,,,305822125,305822123
moc,305822129,305822128,305822140,305822133
moosefs,,,305822408,305822416
mosml,,,305822580,305822578
move-mount-beneath,,,305822627,305822625
movit,,,305822644,305822641
mpd-touch-screen-gui,305822755,305822748,,
mplayer,,,,305822829
mprisence,,,306257359,306257355
mqtt-exporter,305823122,305823120,305823123,305823121
mrpack-install,,,305823160,305823159
msgpack-tools,305823228,305823226,305823227,305823225
msieve,,,,305823240
mspds,305823286,305823283,305823284,305823282
mtpaint,305823333,305823331,,
mucommander,,,305823564,305823665
multipart-parser-c,,,305823433,305823430
musly,,,305823567,305823563
mygui,,,305823681,305823679
nanobench,,,305823923,305823919
nanodbc,,,305823932,305823926
nanotts,305823976,305823973,,
ncps,306565410,,,306565408
ndn-cxx,,,305824238,305824236
nearcore,305824264,,,
needle,,,305824287,305824286
neohtop,306584053,306584051,306584054,306584052
net-cpp,305824720,305824719,,
nethack-qt,,,306257370,306257374
netperf,,,305824884,305824882
neverest,305825034,305825032,305825033,305825031
newlib-nano,,305825046,305825047,305825045
newlib,,305825042,305825043,305825041
nextpnr,305825114,305825111,305825115,305825112
nextpnrWithGui,305825117,305825116,305825119,305825113
nexusmods-app,,306577804,,
ngadmin,,,305825188,305825184
ngrid,305825242,305825240,,305825241
niftyseg,,,305825308,305825306
nixStatic,306592219,306592173,306592197,306592196
nixseparatedebuginfod2,306592242,306592244,,
nnd,305827401,,,
nodePackages.cdktf-cli,,,306086477,306086497
nodePackages.esy,,306086487,,306086482
nodePackages_latest.cdktf-cli,,,306257524,306257584
nodePackages_latest.esy,,306257720,,306257712
nodePackages_latest.joplin,306257858,306257899,,
nodePackages_latest.keyoxide,306257831,306257826,306257835,306257829
nodePackages_latest.vega-cli,306258013,306258018,306258022,306258026
nodehun,306592272,306592269,306592271,306592270
nomad-pack,,,305826698,305826696
notify-osd-customizable,305826832,305826830,,
notonoto-35,306592287,306592275,306592296,306592273
notonoto-console,306592302,306592284,306592290,306592274
notonoto-hs-35,306592295,306592283,306592294,306592280
notonoto-hs-console,306592292,306592289,306592291,306592282
notonoto-hs,306592279,306592276,306592286,306592277
notonoto,306592281,306592278,306592285,306592288
nsd,,,305827046,305827045
nvi,305827393,305827390,,
nvidia-mig-parted,,,306592317,306592321
nvramtool,,305827433,,
obitools3,305827611,305827608,305827609,305827607
octavePackages.geometry,,,306011375,306011376
odamex,305828149,305828144,,
olaris-server,305828332,305828330,305828329,305828326
op-geth,305828530,305828523,305828528,305828524
open-interpreter,306560621,306560620,,
opencpn,305828951,305828924,305828826,305828825
openexrid-unstable,305828892,305828885,305828889,305828886
openjdk8_headless,305829043,305829042,,
openmodelica.omcompiler,305829094,305829093,,
openmsx,305829116,305829115,,
openobserve,305829143,305829140,305829141,305829155
openroad,,306260626,306260629,
opensaml-cpp,305829276,305829273,305829271,305829270
opentelemetry-collector-contrib,,,306631174,
opentelemetry-collector-releases.otelcol-contrib,,,306631176,
opentelemetry-collector-releases.otelcol-k8s,,,306631184,
opentelemetry-collector-releases.otelcol-otlp,,,306631190,
opentelemetry-collector-releases.otelcol,,,306631173,
opentelemetry-collector,,,306631166,
opentimelineio,,,305829474,305829471
opentracing-cpp,,,305829486,305829483
openttd-grfcodec,,,305829495,305829493
openvas-smb,305829532,305829531,,
ophcrack,,,305829589,305829586
orjail,305829742,305829741,,
osmo-hnbgw,305829853,305829852,,
ospd-openvas,305829953,305829875,,
osrm-backend,,,305829888,305829885
ossec-agent,305829896,305829893,,
ossec-server,305829900,305829898,,
otel-cli,,,305829946,
oven-media-engine,305830027,305830026,,
ovn,306117287,,,
owl-compositor,305830075,,,
owncloud-client,,,305830086,305830085
owntone,305830090,305830088,,
oxker,,,306588473,306588475
packet-sd,,,305830204,305830201
pam_gnupg,,,305830332,305830330
pam_pgsql,305830349,305830348,,
pantalaimon-headless,305830506,305830624,,
pantalaimon,305830516,305830460,,
pax-utils,,,305831170,305831167
pcem,,305831246,,
pcmanx-gtk2,305831266,305831267,,
pdf2djvu,305831334,305831332,305831335,305831349
pdfslicer,,,305831425,305831412
perl538Packages.BerkeleyDB,,,305832017,305832013
perl538Packages.BoostGeometryUtils,,,305832032,305832027
perl538Packages.CryptOpenSSLAES,,,305832899,305832897
perl538Packages.CryptRandom,305832965,305832964,305832966,
perl538Packages.HTTPHeaderParserXS,305834623,305834622,,
perl538Packages.MathPari,,,,305835493
perl538Packages.NetIPXS,,,,305836290
perl538Packages.PDL,306087655,306087657,,
perl538Packages.TestLWPUserAgent,,,305837944,305838007
perl538Packages.Wx,305839120,305838816,305838777,305838789
perl538Packages.XMLSAX,305838906,305838900,305838897,305838898
perl538Packages.libapreq2,305839074,305839082,,
perl540Packages.BerkeleyDB,,,305839575,305839574
perl540Packages.BoostGeometryUtils,,,305839592,305839591
perl540Packages.CryptOpenSSLAES,,,305840466,305840459
perl540Packages.HTTPHeaderParserXS,305842185,305842186,,
perl540Packages.MathPari,,,,305843063
perl540Packages.NetIPXS,,,,305843853
perl540Packages.PDL,306087665,306087663,,
perl540Packages.TestLWPUserAgent,,,305845512,305845510
perl540Packages.Wx,305846420,305846339,305846342,305846539
perl540Packages.libapreq2,305846636,305846646,,
perlPackages.BerkeleyDB,,,305847130,305847126
perlPackages.BoostGeometryUtils,,,305847155,305847152
perlPackages.CryptOpenSSLAES,,,305848021,305848017
perlPackages.HTTPHeaderParserXS,305849731,305849742,,
perlPackages.MathPari,,,,305850615
perlPackages.NetIPXS,,,,305851415
perlPackages.PDL,306087673,306087671,,
perlPackages.TestLWPUserAgent,,,305853062,305853056
perlPackages.Wx,305854707,305853901,305853899,305853898
perlPackages.libapreq2,305854198,305854194,,
petsc,,,,306117364
php81Extensions.sysvshm,,,,305854975
php82Extensions.shmop,,,,305855371
php82Extensions.sysvshm,,,305855435,305855433
php83Extensions.shmop,,,306578226,
php83Extensions.sysvshm,,,306578273,306578282
php84Extensions.sysvshm,,,305856388,305856387
picat,,,305856576,305856575
picolibc,,,305856610,305856608
pike,,305856749,,
pinokio,,,305856858,
pip-audit,305856879,305856877,305856878,305856912
pipenv-poetry-migrate,305856908,305856905,305856906,305856940
pkcs11-provider,305857052,305857051,,
plasma5Packages.kdb,305857307,305857306,,
plasma5Packages.liblastfm,,,305857513,305857512
plasma5Packages.pulseaudio-qt,,,305857597,305857595
plasma5Packages.qjson,,,305857608,305857604
plasma5Packages.qoauth,,,305857620,305857617
plasma5Packages.qtmpris,,,305857882,305857874
plzip,,,305858245,305858242
pmenu,,,305858275,305858272
polyml57,,,305858588,
postgresql18Packages.pg_hll,,,305859990,305859988
postprocessd,305860416,305860417,,
postsrsd,,,305860420,305860419
poutine,305860438,305860437,,
powertabeditor,,,305860553,305860516
pq-cli,305860575,305860558,305860571,305860645
pricehist,305860727,305860725,305860728,305860726
prometheus-mikrotik-exporter,,,305861089,305861086
prometheus-statsd-exporter,,,305861234,
promptfoo,305861287,305861278,305861283,305861281
protoc-gen-grpc-java,,,305861405,305861400
protoc-gen-twirp,305861442,305861440,305861441,305861439
prox,,,305861552,
proxmox-backup-client,305861637,305861607,,
pulumi,,,306560660,
pycoin,,,,305862102
pyinfra,305862139,305862131,305862135,305862130
pynitrokey,306258112,306258111,306258113,306258110
python312Packages.aiobtclientrpc,305862927,305862772,305862794,305862736
python312Packages.aiohttp-client-cache,305863178,305863259,305862976,305862977
python312Packages.aiohttp-middlewares,305862831,305862829,305862830,305862828
python312Packages.aiorwlock,305863134,305863130,305863133,305863129
python312Packages.aiosmtplib,305863180,305863172,305863179,305863175
python312Packages.aiosonic,305863195,305863187,305863197,305863191
python312Packages.amazon-ion,305863479,305863482,305863481,305863478
python312Packages.arch,305863866,305863855,305863856,305863868
python312Packages.arelle-headless,306631255,306631259,306631253,306631257
python312Packages.arelle,306631256,306631258,306631252,306631254
python312Packages.ariadne,305863925,305863922,305863940,305863921
python312Packages.asyncprawcore,305864241,305864238,305864252,305864240
python312Packages.asyncua,305864273,305864271,305864272,305864270
python312Packages.aws-adfs,305864541,305864535,305864539,305864531
python312Packages.awswrangler,306584157,306584158,306584162,306584156
python312Packages.ax-platform,306633731,306633729,,306633728
python312Packages.basemap-data-hires,305865292,305865291,305865293,305865289
python312Packages.basemap-data,305865288,305865286,305865287,305865285
python312Packages.bayesian-optimization,305865366,305865324,305865334,305865353
python312Packages.beanhub-cli,305865416,305865459,305865445,305865454
python312Packages.biosppy,305865628,305865622,305865621,305865626
python312Packages.bumps,305866179,305866176,305866177,305866175
python312Packages.busylight-for-humans,305866204,305866201,305866206,305866207
python312Packages.canopen,,,305866339,305866336
python312Packages.celery-redbeat,306092016,306092014,306092029,306092023
python312Packages.cexprtk,,,305866556,305866554
python312Packages.cflib,305866580,305866576,,
python312Packages.checkdmarc,306120337,306120332,306120336,306120333
python312Packages.cirq-rigetti,305866789,305866787,305866792,305866788
python312Packages.clarifai,305866830,305866840,,
python312Packages.cleanlab,306633813,306633809,,
python312Packages.clickhouse-cityhash,305866959,305866957,305866958,305866955
python312Packages.cloudcheck,305867012,305867007,305867011,305867006
python312Packages.clr-loader,306578569,306578568,305867081,306578573
python312Packages.cma,305867051,305867048,305867049,305867047
python312Packages.colormath2,305867286,305867282,305867285,305867284
python312Packages.conda,305994130,305994128,305994143,305994147
python312Packages.control,305867555,305867551,305867556,305867566
python312Packages.crontab,,,306578597,306578599
python312Packages.cypari,305868118,305868066,305868069,305868029
python312Packages.cypherpunkpay,305868074,305868039,305868090,305868042
python312Packages.dash,305868120,,305868154,305868178
python312Packages.dask-awkward,306633827,,306633825,306633828
python312Packages.datalad-next,306633838,,,306633861
python312Packages.datamodel-code-generator,305868254,305868250,305868260,305868248
python312Packages.datashader,305868356,305868307,305868308,305868295
python312Packages.datatable,305868316,305868310,305868312,305868311
python312Packages.deep-chainmap,305868511,305868508,305868509,305868506
python312Packages.deltalake,305868624,305868611,305868625,305868620
python312Packages.devito,305868716,305868705,305868711,305868703
python312Packages.diofant,305868804,305868805,305868803,305868802
python312Packages.dipy,306117513,306117512,,
python312Packages.dissect-fve,305868926,305868917,305868919,305868918
python312Packages.django-pattern-library,305869407,305869400,305869405,305869401
python312Packages.docling-serve,306633909,,306633916,306633900
python312Packages.donut-shellcode,,305869951,305869953,305869950
python312Packages.duckdb,,305870178,,
python312Packages.e3-core,305870335,305870334,,
python312Packages.echo,305870430,305870425,305870513,305870449
python312Packages.elastic-apm,305870605,305870973,305870939,305870870
python312Packages.elasticsearch8,305870524,305870523,305870526,305870521
python312Packages.equinox,,306633936,,
python312Packages.esig,305870791,305870794,305870790,305870787
python312Packages.etelemetry,,,305870852,305870843
python312Packages.fastmcp,,,,306588515
python312Packages.fedora-messaging,,,305871355,305871357
python312Packages.ffmpeg-progress-yield,,,306584377,306584376
python312Packages.flask-alembic,305871653,305871652,305871665,305871649
python312Packages.flickrapi,305871935,305871933,305871934,305871932
python312Packages.folium,306117570,306117569,306087858,306117577
python312Packages.freud,305872181,305872179,305872180,305872182
python312Packages.func-timeout,,,305872260,305872259
python312Packages.funsor,306634017,306634016,306634018,306634015
python312Packages.galario,305872345,305872344,305872347,305872346
python312Packages.gdsfactory,305872527,305872480,305872441,305872439
python312Packages.geoarrow-c,305872523,305872520,305872522,305872519
python312Packages.git-dummy,,,305872759,305872758
python312Packages.gpaw,,,,306592572
python312Packages.graph-tool,306588530,,,
python312Packages.greynoise,305873497,305873494,305873498,305873492
python312Packages.gst-python,,,305873596,305873597
python312Packages.gstools-cython,305873605,305873603,305873606,305873604
python312Packages.h3,305873701,305873698,305873702,305873700
python312Packages.hg-git,305873993,305873994,305873992,305874002
python312Packages.hid-parser,305874008,305874009,305874005,305874004
python312Packages.hmmlearn,,305874092,305874093,305874091
python312Packages.http-message-signatures,305874276,305874268,305874269,305874263
python312Packages.imagecodecs,305874672,305874665,305874673,305874671
python312Packages.imagededup,306634103,306634108,306634107,306634113
python312Packages.imbalanced-learn,305874718,305874717,305874716,305874715
python312Packages.iplotx,305875219,,305875152,305875079
python312Packages.ipython-sql,305875133,305875132,305875135,305875137
python312Packages.itemdb,305875250,305875247,305875249,305875246
python312Packages.iterfzf,,,306584500,306584501
python312Packages.jobspy,305875512,305875509,305875513,305875510
python312Packages.jsonfield,305875646,305875640,305875642,305875644
python312Packages.jupyter-server-fileid,,305875858,,
python312Packages.kajiki,305876007,305876001,305876006,305876004
python312Packages.kestra,305876120,305876116,305876117,305876115
python312Packages.kiss-headers,305876180,305876177,305876179,305876178
python312Packages.kopf,,,305876264,
python312Packages.labgrid,305876332,305876328,,
python312Packages.libbs,305876737,305876738,305876733,305876730
python312Packages.libfdt,305876764,305876759,,
python312Packages.libiio,,,305876776,305876785
python312Packages.libsavitar,305876871,305876866,305876867,305876865
python312Packages.line-profiler,305877024,305877012,305877019,305877008
python312Packages.litestar,305877110,305877104,305877105,305877138
python312Packages.lm-eval,306634334,306634327,,306634323
python312Packages.mahotas,305877763,,305877762,305877760
python312Packages.mapclassify,306117669,306117683,306087968,306117668
python312Packages.matlink-gpapi,305878010,305878006,305878002,305878004
python312Packages.mesonpep517,305878327,305878328,305878326,305878325
python312Packages.mindsdb-evaluator,305878486,305878479,305878481,305878478
python312Packages.monai-deploy,305878894,305878892,305878893,305878891
python312Packages.monosat,305878942,305878954,305878946,305878940
python312Packages.mpl-typst,305879062,305879060,305879061,305879053
python312Packages.mplhep,,,306634399,
python312Packages.mrsqm,305879114,305879109,305879113,305879111
python312Packages.myhdl,305879408,,,
python312Packages.napari-npe2,306565706,306565705,,
python312Packages.nest,306117714,306117711,306117710,306117712
python312Packages.neurokit2,305881176,,305881174,305881172
python312Packages.niaaml,305881245,305881241,305881239,305881242
python312Packages.nidaqmx,305881281,305881277,305881278,305881276
python312Packages.nilearn,306117736,306117756,,
python312Packages.nocasedict,305881377,305881371,305881376,305881372
python312Packages.nuitka,,,305881533,305881530
python312Packages.nvdlib,305881623,305881620,305881621,305881618
python312Packages.nxt-python,305881633,305881634,305881631,305881630
python312Packages.okonomiyaki,305881794,305881787,305881783,305881781
python312Packages.onnxmltools,305881908,305881910,305881907,305881904
python312Packages.open-interpreter,306561169,306561175,,
python312Packages.openfga-sdk,305882040,305882037,305882044,305882041
python312Packages.opentelemetry-instrumentation-botocore,305882149,305882145,305882147,305882148
python312Packages.optuna,,,,306634463
python312Packages.optype,305882301,305882299,305882298,305882294
python312Packages.opytimark,305882310,,,
python312Packages.orange-canvas-core,305882321,305882334,,
python312Packages.orgparse,305882347,305882346,305882349,305882344
python312Packages.overpy,,,305882544,305882539
python312Packages.pandera,,306634498,,306634495
python312Packages.paramz,305882764,305882759,305882763,305882756
python312Packages.parselmouth,,305882791,305882794,305882798
python312Packages.petsc4py,,,,306117802
python312Packages.pgmpy,306634518,306634523,306634516,306634520
python312Packages.pgpy-dtc,305883222,305883220,305883221,305883219
python312Packages.phik,305883246,305883244,305883243,305883235
python312Packages.pilight,,,305883369,305883357
python312Packages.pint-pandas,305883435,305883419,305883420,305883418
python312Packages.piqp,305883490,305883488,305883487,305883489
python312Packages.playwrightcapture,305883597,305883614,305883615,305883667
python312Packages.pmdarima,305883715,305883711,305883718,305883710
python312Packages.powerapi,,,305883896,305883892
python312Packages.prosemirror,305884136,305884134,305884133,305884131
python312Packages.protobuf4,305884156,305884154,305884155,305884153
python312Packages.proton-core,,,305884173,305884167
python312Packages.py-multiaddr,305884522,305884552,305884512,305884517
python312Packages.pyais,,,306035134,306035137
python312Packages.pycangjie,305884931,305884928,305884930,305884929
python312Packages.pycategories,305884953,305884955,305884954,305884952
python312Packages.pycoin,,,,305885026
python312Packages.pycrdt-websocket,305885276,305885092,305885229,305885166
python312Packages.pygeocodio,305885685,305885681,305885684,305885683
python312Packages.pygerber,,,306088082,306088080
python312Packages.pyheif,305885831,305885829,305885828,305885826
python312Packages.pyinfra,305885939,305885937,305885926,305885916
python312Packages.pyinstaller-versionfile,305885932,305885931,305885936,305885933
python312Packages.pyitachip2ir,,,305885982,305885981
python312Packages.pyjnius,305886002,305886003,305886004,305885999
python312Packages.pyliblo3,305886195,305886191,305886193,305886194
python312Packages.pylit,305886234,305886232,305886237,305886236
python312Packages.pymssql,305886522,305886525,305886524,305886530
python312Packages.pynest2d,305886587,305886588,,
python312Packages.pynetdicom,,306117909,,
python312Packages.pynitrokey,306258300,306258292,306258296,306258293
python312Packages.pynng,305886647,305886646,305886648,305886644
python312Packages.pyrevolve,305887272,305887263,305887256,305887257
python312Packages.pyroaring,305887300,305887298,305887299,305887296
python312Packages.pysam,305887353,305887342,305887344,305887345
python312Packages.pyscf,,,305887494,
python312Packages.pysdl3,,,305887501,305887475
python312Packages.pyslurm,306117934,306117933,,
python312Packages.pysmartapp,305887608,305887613,305887607,305887606
python312Packages.pysnooper,,,305887674,305887671
python312Packages.pysunspec2,305887833,305887831,305887840,305887830
python312Packages.pytask,305887904,305887901,305887884,305887881
python312Packages.pytelegrambotapi,,,305887900,
python312Packages.pytest-pudb,305888329,305888284,305888264,305888277
python312Packages.python-binance,305888565,305888563,305888598,305888600
python312Packages.python-constraint,305888612,305888618,305888614,305888611
python312Packages.python-fontconfig,305888742,,,
python312Packages.python-fx,305888765,305888760,,
python312Packages.python-kasa,305888880,305888873,305888875,
python312Packages.python-lsp-server,,,306088152,
python312Packages.python-owasp-zap-v2-4,305889099,305889098,305889100,305889097
python312Packages.python-prctl,,305889139,,
python312Packages.python-redis-lock,,,305889163,305889168
python312Packages.python-vipaccess,305889325,305889326,305889323,305889324
python312Packages.pytradfri,305889566,305889560,305889559,305889556
python312Packages.pywinbox,,,305889827,305889829
python312Packages.qtile-extras,306088195,,,
python312Packages.ratarmountcore,305890268,305890270,305890266,305890267
python312Packages.recline,305890385,305890383,305890391,305890384
python312Packages.recoll,,,305890499,305890455
python312Packages.redbaron,305890430,305890428,305890427,305890432
python312Packages.redis-om,305890444,305890450,305890449,305890437
python312Packages.reptor,305890615,305890607,305890622,305890626
python312Packages.rki-covid-parser,305890936,305890934,305890937,305890930
python312Packages.robotstatuschecker,305891028,305891025,305891033,305891035
python312Packages.rpy2,306035199,306035194,306035205,306035203
python312Packages.rtsp-to-webrtc,305891244,305891242,305891246,305891241
python312Packages.rucio,305891289,305891288,305891292,305891284
python312Packages.sarif-tools,,,305891485,
python312Packages.scikit-bio,305891591,305891568,305891585,305891578
python312Packages.scikit-learn-extra,305891597,305891595,305891594,305891592
python312Packages.scikit-survival,305891611,305891609,305891618,305891614
python312Packages.scrapy-fake-useragent,305891705,305891708,305891724,305891715
python312Packages.scrapy-splash,305891722,305891719,305891723,305891706
python312Packages.segyio,305891845,305891825,305891826,305891834
python312Packages.semaphore-bot,305891838,305891835,305891836,305891837
python312Packages.setuptools-dso,,,305891995,305891992
python312Packages.slack-bolt,305892455,305892457,,305892436
python312Packages.slack-sdk,,,305892439,
python312Packages.slapd,305892446,305892444,305892445,305892442
python312Packages.solidpython2,,,305892753,305892754
python312Packages.sphinx-intl,305893032,305893026,305893025,305893024
python312Packages.sphinx-sitemap,305893111,305893112,305893109,305893108
python312Packages.splinter,305893309,305893307,305893321,305893324
python312Packages.sqlalchemy-views,305893402,305893400,305893401,305893399
python312Packages.srctools,,305893483,,305893493
python312Packages.ssdpy,,,305893530,305893533
python312Packages.ssh-python,305893546,305893547,305893545,305893544
python312Packages.stamina,305893583,305893590,305893588,305893582
python312Packages.subliminal,305893941,305893934,305893930,305893927
python312Packages.submitit,305893923,305893918,305893917,305893915
python312Packages.succulent,305893935,305893938,305893936,305893933
python312Packages.tagoio-sdk,305894248,305894239,305894246,305894236
python312Packages.tbm-utils,305894317,305894310,305894316,305894322
python312Packages.thriftpy2,305894747,305894751,305894754,305894750
python312Packages.tikzplotlib,305894800,305894801,305894799,305894798
python312Packages.tiler,305894809,305894802,305894807,305894805
python312Packages.torcheval,306634929,306634966,,
python312Packages.transforms3d,,,,305895251
python312Packages.treelib,305895839,305895836,305895837,305895831
python312Packages.trino-python-client,305895873,305895872,305895875,305895882
python312Packages.tweedledum,305896029,305896025,305896026,305896024
python312Packages.twscrape,305896095,305896088,305896090,305896089
python312Packages.types-lxml,305898030,305897725,305898472,305897883
python312Packages.typesystem,305897761,305897760,305897758,305897757
python312Packages.typical,305897778,305897775,305897770,305897772
python312Packages.ueberzug,,,305897860,305897861
python312Packages.unicode-slugify,305897979,305897974,305897976,305897980
python312Packages.uqbar,305898150,305898153,305898147,305898144
python312Packages.visions,305898529,305898535,305898530,305898540
python312Packages.vowpalwabbit,,,305898599,305898597
python312Packages.watchdog-gevent,305898782,305898773,305898784,305898776
python312Packages.waymax,306635044,,,
python312Packages.webdataset,,,306635040,306635038
python312Packages.webssh,305898951,305898950,,
python312Packages.wgpu-py,,,306561326,306561325
python312Packages.wn,305899151,305899149,305899152,305899148
python312Packages.ws4py,,,305899213,
python312Packages.yamlloader,305899581,305899580,305899582,305899578
python312Packages.yaramod,,,305899616,305899611
python312Packages.zdaemon,305899801,305899804,305899805,305899802
python312Packages.zigpy-zboss,305899900,305899883,,
python313Packages.aiobtclientrpc,305900412,305900588,305900461,305900524
python313Packages.aiohttp-client-cache,305900920,305900697,305900553,305900616
python313Packages.aiohttp-middlewares,305900565,305900567,305900562,305900564
python313Packages.aiorwlock,305900874,305900872,305900870,305900873
python313Packages.aiosmtplib,305900916,305900909,305900925,305900921
python313Packages.aiosonic,305900940,305900937,305900938,305900930
python313Packages.airium,305901053,305901054,305901056,305901051
python313Packages.amazon-ion,305901223,305901219,305901217,305901216
python313Packages.ansible-runner,,306561348,,
python313Packages.arch,305901605,305901628,305901595,305901602
python313Packages.ariadne,305901670,305901661,305901664,305901657
python313Packages.asyncprawcore,305901984,305901973,305901992,305901976
python313Packages.asyncua,305902013,305902006,305902008,305902004
python313Packages.aws-adfs,305902281,305902287,305902267,305902261
python313Packages.awswrangler,306585464,306585465,306585460,306585462
python313Packages.ax-platform,306635159,306635160,,306635158
python313Packages.basemap-data-hires,305903020,305903017,305903019,305903018
python313Packages.basemap-data,305903016,305903011,305903014,305903010
python313Packages.bayesian-optimization,305903101,305903044,305903083,305903048
python313Packages.beanhub-cli,305903132,305903166,305903127,305903126
python313Packages.biosppy,305903348,305903344,305903347,305903340
python313Packages.bumps,305903888,305903886,305903887,305903885
python313Packages.busylight-for-humans,305903919,305903912,305903916,305903905
python313Packages.canopen,,,,305904041
python313Packages.celery-redbeat,306093006,306093000,306093005,306092997
python313Packages.cexprtk,305904257,305904253,305904256,305904251
python313Packages.cflib,305904281,305904278,,
python313Packages.checkdmarc,306120370,306120369,306120371,306120373
python313Packages.clarifai,305904531,305904520,,
python313Packages.clickhouse-cityhash,305904650,305904649,305904651,305904647
python313Packages.cloudcheck,305904704,305904702,305904701,305904703
python313Packages.clr-loader,306579803,306579794,305904745,306579805
python313Packages.cma,305904743,305904739,305904741,305904738
python313Packages.colormath2,305904974,305904972,305904971,305904973
python313Packages.conda,305994407,305994399,305994409,305994405
python313Packages.control,305905243,305905249,305905244,305905239
python313Packages.craft-parts,,305905374,,
python313Packages.crochet,,,305905439,
python313Packages.crontab,,,306579837,306579832
python313Packages.cyclonedds-python,305905693,305905688,305905698,305905689
python313Packages.cypari,305905717,305905713,305905734,305905712
python313Packages.cypherpunkpay,305905775,305905774,305905739,305905719
python313Packages.dash,305905822,305905840,305905848,305905913
python313Packages.dask-awkward,306635252,,,306635251
python313Packages.datalad-next,306635263,,,306635266
python313Packages.datamodel-code-generator,305905935,305905916,305905918,305905915
python313Packages.datashader,305905970,305905964,305905969,305905965
python313Packages.datatable,305905977,305905971,305905974,305905973
python313Packages.deep-chainmap,305906175,305906173,305906174,305906172
python313Packages.deltalake,305906283,305906282,305906281,305906287
python313Packages.devito,305906376,305906381,305906375,305906374
python313Packages.diofant,305906476,305906472,305906475,305906479
python313Packages.dipy,306118141,306118144,,
python313Packages.dissect-fve,305906598,305906594,305906597,305906593
python313Packages.django-pattern-library,305907084,305907082,305907083,305907080
python313Packages.django-q2,,,306579867,
python313Packages.docling-serve,306635317,,306635321,306635315
python313Packages.donut-shellcode,,305907629,305907628,305907624
python313Packages.e3-core,305908004,305908006,,
python313Packages.echo,305908126,305908130,305908201,305908104
python313Packages.elastic-apm,305908232,305908695,305908554,305908373
python313Packages.elasticsearch8,305908193,305908190,305908191,305908189
python313Packages.equinox,306635348,306635349,,
python313Packages.esig,305908459,305908457,305908460,305908450
python313Packages.etelemetry,,,305908510,305908504
python313Packages.fedora-messaging,,,,305909017
python313Packages.ffmpeg-progress-yield,,,306585654,306585655
python313Packages.flickrapi,305909580,305909576,305909577,305909575
python313Packages.folium,306118199,306118194,306088434,306118189
python313Packages.formulae,305909743,305909741,305909742,305909740
python313Packages.freud,305909829,305909822,305909826,305909824
python313Packages.func-timeout,,,305909900,305909899
python313Packages.funsor,306635418,306635424,306635423,306635417
python313Packages.gdsfactory,305910100,305910072,305910075,305910071
python313Packages.geoarrow-c,305910155,305910152,305910156,305910151
python313Packages.git-dummy,,,305910389,305910385
python313Packages.gpaw,,,,306593035
python313Packages.graph-tool,306588652,,,
python313Packages.greynoise,305911115,305911118,305911112,305911113
python313Packages.gst-python,,,305911223,305911208
python313Packages.gstools-cython,305911218,305911215,305911220,305911214
python313Packages.h3,305911315,305911311,305911314,305911312
python313Packages.hebg,305911545,305911550,305911551,305911547
python313Packages.hg-git,305911614,305911623,305911615,305911629
python313Packages.hmmlearn,,305911711,305911712,305911710
python313Packages.http-message-signatures,305911888,305911889,305911895,305911892
python313Packages.imagecodecs,305912284,305912275,305912285,305912286
python313Packages.imagededup,306635508,306635504,306635509,306635512
python313Packages.imbalanced-learn,305912332,305912329,305912328,305912325
python313Packages.iplotx,305912668,305912689,305912765,305912803
python313Packages.ipython-sql,305912743,305912739,305912742,305912738
python313Packages.itemdb,305912858,305912857,305912860,305912859
python313Packages.iterfzf,,,306585774,306585773
python313Packages.jobspy,305913122,305913119,305913118,305913117
python313Packages.jsonfield,305913255,305913257,305913256,305913251
python313Packages.jupyter-server-fileid,,305913468,,
python313Packages.kajiki,305913615,305913613,305913612,305913611
python313Packages.kestra,305913726,305913723,305913724,305913722
python313Packages.kiss-headers,305913783,305913780,305913781,305913779
python313Packages.kopf,,,305913868,
python313Packages.labgrid,305913941,305913940,,
python313Packages.libbs,305914336,305914340,305914337,305914344
python313Packages.libiio,,,305914379,305914374
python313Packages.libsavitar,305914471,305914467,305914470,305914466
python313Packages.litestar,305914712,305914708,305914710,305914707
python313Packages.lm-eval,306635711,306635712,306635728,306635721
python313Packages.macfsevents,,,305915314,305915316
python313Packages.mahotas,305915361,,305915358,305915354
python313Packages.mapclassify,306118295,306118294,,306118293
python313Packages.matlink-gpapi,305915595,305915584,305915586,305915579
python313Packages.mesonpep517,305915907,305915908,305915909,305915906
python313Packages.mobly,,,,305916369
python313Packages.monai-deploy,305916462,305916461,305916463,305916464
python313Packages.monosat,305916507,305916504,305916508,305916503
python313Packages.mpl-typst,305916621,305916619,305916620,305916617
python313Packages.mplhep,306635780,,,306635778
python313Packages.mrsqm,305916672,305916668,305916670,305916669
python313Packages.myhdl,305917008,,,
python313Packages.nest,306118337,306118335,306118334,306118339
python313Packages.neurokit2,305918734,305918732,305918733,305918731
python313Packages.niaaml,305918796,305918795,305918794,305918793
python313Packages.nidaqmx,305918835,305918833,305918836,305918829
python313Packages.nilearn,306118356,306118365,,
python313Packages.nocasedict,305918933,305918929,305918930,305918928
python313Packages.nuitka,,,305919087,305919082
python313Packages.nvdlib,305919172,305919167,305919170,305919169
python313Packages.nxt-python,305919180,305919178,305919177,305919179
python313Packages.okonomiyaki,305919327,305919323,305919329,305919330
python313Packages.onnxmltools,305919451,305919445,305919449,305919450
python313Packages.open-interpreter,306561819,306561820,,
python313Packages.opentelemetry-instrumentation-botocore,305919693,305919689,305919694,305919688
python313Packages.optype,305919839,305919837,305919840,305919838
python313Packages.opytimark,305919847,,,
python313Packages.orange-canvas-core,305919858,305919859,,
python313Packages.orgparse,305919888,305919882,305919891,305919884
python313Packages.overpy,,,305920082,305920081
python313Packages.pandera,306635886,306635900,306635885,306635883
python313Packages.paramz,305920300,305920295,305920299,305920298
python313Packages.petsc4py,,,,306118419
python313Packages.pgmpy,306635906,306635904,306635907,306635905
python313Packages.pgpy-dtc,305920756,305920754,305920757,305920752
python313Packages.phik,305920771,305920776,305920770,305920774
python313Packages.pilight,,,305920898,305920900
python313Packages.pint-pandas,305920955,305920954,305920973,305920953
python313Packages.piqp,305921028,305921022,305921021,305921018
python313Packages.playwrightcapture,305921136,305921148,305921190,305921207
python313Packages.pmdarima,305921249,305921245,305921246,305921247
python313Packages.powerapi,,,305921419,305921409
python313Packages.prosemirror,305921655,305921651,305921654,305921652
python313Packages.protobuf4,305921676,305921672,305921675,305921674
python313Packages.proton-core,,,305921695,305921688
python313Packages.psycopg2cffi,305921797,305921795,,
python313Packages.py-multiaddr,305922044,305922048,305922036,305922032
python313Packages.pyais,,,306035572,306035571
python313Packages.pycategories,305922461,305922459,305922458,305922457
python313Packages.pycoin,,,,305922536
python313Packages.pycrdt-websocket,305922713,305922858,305922604,305922658
python313Packages.pygeocodio,305923195,305923194,305923193,305923191
python313Packages.pygerber,,,306088650,306088642
python313Packages.pyheif,305923333,305923331,305923334,305923332
python313Packages.pyinfra,305923438,305923452,305923442,305923440
python313Packages.pyinstaller-versionfile,305923441,305923437,305923439,305923436
python313Packages.pyitachip2ir,,,305923495,305923491
python313Packages.pyjnius,305923507,305923509,305923506,305923508
python313Packages.pyliblo3,305923698,305923691,305923689,305923688
python313Packages.pylit,305923739,305923738,305923740,305923735
python313Packages.pymssql,305924021,305924019,305924025,305924017
python313Packages.pynest2d,305924089,305924088,,
python313Packages.pynitrokey,306258543,306258545,306258546,306258544
python313Packages.pynng,305924141,305924138,305924143,305924139
python313Packages.pynut2,305924173,305924174,305924172,305924170
python313Packages.pyroaring,305924787,305924782,305924788,305924780
python313Packages.pysam,305924833,305924837,305924823,305924824
python313Packages.pyscf,,,305924906,
python313Packages.pysdl3,,,305925001,305924955
python313Packages.pyslurm,306118548,306118547,,
python313Packages.pysmartapp,305925090,305925093,305925088,305925084
python313Packages.pysnooper,,,305925156,305925157
python313Packages.pysqlcipher3,305925256,305925252,305925257,305925250
python313Packages.pysunspec2,305925317,305925314,305925318,305925315
python313Packages.pytask,305925365,305925372,305925375,305925361
python313Packages.pytest-pudb,305925756,305925759,305925758,305925751
python313Packages.python-binance,305926078,305926034,305926065,305926066
python313Packages.python-constraint,305926086,305926083,305926085,305926081
python313Packages.python-fontconfig,305926212,,,
python313Packages.python-fx,305926237,305926239,,
python313Packages.python-kasa,,305926343,305926344,
python313Packages.python-owasp-zap-v2-4,305926571,305926570,305926569,305926568
python313Packages.python-prctl,,305926616,,
python313Packages.python-redis-lock,,,305926639,305926637
python313Packages.python-toolbox,305926734,305926731,305926733,305926721
python313Packages.python-vipaccess,305926789,305926786,305926788,305926785
python313Packages.pytradfri,305927031,305927021,305927022,305927025
python313Packages.pywinbox,,,305927293,305927288
python313Packages.ratarmountcore,305927719,305927721,305927712,305927709
python313Packages.readabilipy,305927804,305927801,305927805,305927800
python313Packages.recline,305927836,305927835,305927842,305927834
python313Packages.recoll,,,305927846,305927909
python313Packages.redbaron,305927885,305927877,305927878,305927876
python313Packages.redis-om,305927887,305927889,305927888,305927886
python313Packages.reptor,305928073,305928078,305928069,305928070
python313Packages.rki-covid-parser,305928378,305928376,305928377,305928379
python313Packages.robotstatuschecker,305928472,305928469,305928470,305928467
python313Packages.rpy2,306035627,306035628,306035631,306035626
python313Packages.rtsp-to-webrtc,305928685,305928678,305928679,305928676
python313Packages.scikit-bio,305929003,305929002,305929007,305929001
python313Packages.scikit-learn-extra,305929028,305929029,305929027,305929030
python313Packages.scikit-survival,305929047,305929039,305929042,305929044
python313Packages.scrapy-fake-useragent,305929130,305929123,305929132,305929127
python313Packages.scrapy-splash,305929166,305929144,305929151,305929134
python313Packages.segyio,305929263,305929253,305929255,305929252
python313Packages.semaphore-bot,305929272,305929275,305929276,305929274
python313Packages.setuptools-dso,,,305929430,305929433
python313Packages.slack-bolt,305929877,305929854,305930265,
python313Packages.slack-sdk,,,,305929855
python313Packages.slapd,305929866,305929863,305929864,305929860
python313Packages.solidpython2,,,305930172,305930171
python313Packages.sphinx-intl,305930438,305930431,305930430,305930432
python313Packages.sphinx-sitemap,305930512,305930515,305930514,305930511
python313Packages.splinter,305930730,305930717,305930722,305930720
python313Packages.sqlalchemy-views,305930803,305930802,305930805,305930796
python313Packages.srctools,,305930896,,305930887
python313Packages.ssdpy,,,305930931,305930933
python313Packages.ssh-python,305930952,305930943,305930949,305930947
python313Packages.stamina,305930989,305930985,305930988,305930987
python313Packages.subliminal,305931353,305931355,305931351,305931356
python313Packages.submitit,305931349,305931348,305931350,305931347
python313Packages.succulent,305931370,305931368,305931369,305931366
python313Packages.tagoio-sdk,305931666,305931664,305931669,305931663
python313Packages.tbm-utils,305931743,305931738,305931739,305931747
python313Packages.thriftpy2,305932145,305932143,305932146,305932140
python313Packages.tikzplotlib,305932194,305932196,305932193,305932192
python313Packages.tiler,305932204,305932197,305932198,305932195
python313Packages.torcheval,306636273,306636279,,
python313Packages.torf,305932542,305932534,,
python313Packages.transforms3d,,,,305932644
python313Packages.treelib,305933228,305933229,305933227,305933226
python313Packages.trino-python-client,305933271,305933270,305933275,305933278
python313Packages.tweedledum,305933418,305933415,305933416,305933413
python313Packages.twscrape,305933476,305933474,305933475,305933473
python313Packages.types-lxml,305935209,305935048,305935142,305935276
python313Packages.typesystem,305935140,305935139,305935138,305935137
python313Packages.typical,305935156,305935155,305935157,305935148
python313Packages.ubelt,305935222,305935216,305935217,305935210
python313Packages.ueberzug,,,305935234,305935236
python313Packages.unicode-slugify,305935355,305935347,305935353,305935348
python313Packages.uqbar,305935521,305935529,305935522,305935517
python313Packages.verilogae,305935806,305935854,,
python313Packages.visions,305935899,305935900,305935905,305935902
python313Packages.vowpalwabbit,,,305935969,305935967
python313Packages.vxi11,305936019,305936017,305936020,305936018
python313Packages.wand,,306073280,,
python313Packages.watchdog-gevent,305936149,305936151,305936150,305936148
python313Packages.web3,,,,306252785
python313Packages.webdataset,,,306636377,306636378
python313Packages.webssh,305936313,305936312,,
python313Packages.wgpu-py,,,306561992,306561991
python313Packages.wn,305936514,305936511,305936512,305936510
python313Packages.ws4py,,,305936571,
python313Packages.xdis,305936716,305936714,305936715,305936713
python313Packages.yamlloader,305936947,305936942,305936945,305936944
python313Packages.yaramod,,,305936977,305936975
python313Packages.zdaemon,305937171,305937166,305937172,305937167
python313Packages.zeroc-ice,305937198,305937197,305937199,305937194
python313Packages.zigpy-zboss,305937247,305937244,,
python313Packages.zodb,,,,306258605
qemu-python-utils,,,305937628,305937624
qgo,,,305937664,305937662
qrq,,,305937847,305937848
qscreenshot,,,305937872,305937862
qt6Packages.appstream-qt,,,305938242,305938251
quasselDaemon,,,,305938660
quast,305938670,305938665,305938667,305938666
quaternion-qt6,305938674,305938672,305938673,305938675
quaternion,305938704,305938669,305938671,305938668
quickwit,305938919,305938925,305938920,305938950
quorum,305938798,305938797,,
radiance,305938924,305938922,305938923,305938921
ramalama,,,306586619,
rapidraw,,306586623,,
rappel,,305939114,,
rbdoom-3-bfg,,,,305939246
rclone-ui,,306586625,,
reaction,305939390,,,
readest,,306586631,,
reaper-sws-extension,,,305939476,305939470
recoll-nox,,,305939823,305939529
recoll,,,305939540,305939531
remarkable-toolchain,305939811,,,
remarkable2-toolchain,305939812,,,
remctl,305939822,305939820,305939821,305939819
repak,,305939916,305939918,305939915
replibyte,305940082,,305940083,
repomix,,,305939949,
reprepro,,,305939963,305939961
reproxy,,,305939982,
reptor,305939992,305939990,305939993,305939988
resticprofile,305940108,,,
rhvoice,,,305940241,305940239
rigel-engine,,,305940307,305940299
ristate,,,305940417,305940409
river-filtile,,,305940431,305940429
rkdeveloptool-pine64,,,305940469,305940468
rkdeveloptool,,,305940464,305940463
rnnoise-plugin,,,305940594,305940598
robodoc,,,305940635,305940631
roccat-tools,305940665,305940664,,
rocmPackages.llvm.compiler-rt-libc,,,305940742,305940740
rocmPackages.llvm.compiler-rt,,,305940738,305940733
rocmPackages.llvm.llvm,,305940762,305940765,305940756
rocmPackages_6.llvm.compiler-rt-libc,,,305940849,305940853
rocmPackages_6.llvm.compiler-rt,,,305940859,305940847
rocmPackages_6.llvm.llvm,,305940865,305940866,305940864
rosie,,,305941114,305941115
rp,,305941200,,
rslint,305941341,305941336,305941337,305941334
rss2email,305941377,305941369,305941384,305941371
rubyPackages.gtk3,305942110,305942112,305942164,305942108
rubyPackages_3_1.gtk3,305943776,305943935,305943778,305943774
rubyPackages_3_2.gtk3,305948475,305945443,305945441,305945446
rubyPackages_3_3.gtk3,305947107,305947106,305947124,305947112
rubyPackages_3_4.gtk3,305948777,305948775,305948776,305948772
rucio,305950285,305950288,305950251,305950186
rvvm,,,305950247,305950239
s-tar,305950293,,,
sacrifice,,,305950414,
salmon,,,305950490,305950492
sambamba,305950527,,305950522,
satisfactorymodmanager,305950645,305950649,,
sawfish,,,305950675,305950771
sbclPackages.cl-gtk2-glib,,305951090,,305951082
sbclPackages.cl-notify,,,305951171,305951170
sbclPackages.cl-rsvg2,,,305951241,
sbclPackages.enchant,305951530,305951533,305951529,305951532
sbclPackages.qt-libs,305952072,305952067,305952069,305952068
sbcl_2_4_6,,,305950731,
scalp,,,305952508,305952505
schemat,305952596,305952594,305952595,305952592
scion-bootstrapper,305952660,305952659,305952661,305952657
scipopt-zimpl,,,305952688,305952686
scom,,,305952708,305952706
screen-pipe,305952990,305952987,305952975,305952986
scryer-prolog,,,,305952839
sct,,305952864,,
securefs,,,305953042,305953040
seppo,,,,306631719
servo,305953377,305953353,305953401,305953460
sesh,,,306258637,
sfrotz,305953552,,,
sgfutils,,,306073466,306073501
sgx-psw,305953448,,,
sgxs-tools,305953452,,,
shadcn,305953478,305953480,305953519,305953476
sherpa,,,305953681,
shogun,305953762,305953761,305953763,305953773
sic-image-cli,,,305953837,
siege,,,305953856,305953854
simbaplusplus,,,305995548,305995545
skypilot,305954362,305954361,305954375,305954360
sleek-todo,,,305954400,
slimevr,,306586675,,
smuxi,305954693,305954683,305954691,305954694
snapcraft,306636463,306636462,,
snarkos,305954745,305954742,305954743,305954741
snpeff,,,305954870,305954868
solana-cli,305955025,305955021,305955022,305955023
sommelier,305955077,305955076,,
soundtracker,305955212,305955213,,
source-meta-json-schema,,,305955239,305955237
sozu,,,305955293,
speech-tools,,,305955462,305955459
sptk,305955767,305955765,,
sqruff,,306586687,,
stalwart-mail,,,305956342,305956321
stirling-pdf,,,305994647,305994634
stog,,,,306631765
stract,305956708,305956706,305956707,305956705
substudy,,305956941,,
surrealist,,306586702,,
sus-compiler,306593471,306593476,306593469,306593470
sweethome3d.application,,,305957418,305957427
swt,,,305957563,
sympa,305957673,305957645,305957696,305957819
sympow,,,305957634,
syndicate_utils,,,305957710,305957703
syntax,305957726,305957723,,
syzkaller,,,,305957837
tacent,305957910,,,
talkfilters,,,305958056,305958052
tarantool,,305958138,305958140,305958136
task-master-ai,305994633,305994635,305994632,
tau-hydrogen,305958240,305958238,305958239,305958237
tblite,306258675,306258674,,
tbls,,,305958284,
tcld,305958457,305958456,,
telepathy-haze,305958642,305958639,305958643,305958656
telepathy-mission-control,,,305958638,
tengine,,,305958795,305958789
teos-watchtower-plugin,,,305958825,305958814
tere,,,305958826,
termbook,305958835,305958845,305958836,305958846
termimage,305958873,305958866,305958867,305958868
terminal-typeracer,305958880,305958876,305958881,305958878
terraform-providers.cloudflare,,306586716,,
tests.build-environment-info,305960069,305960067,305960081,305960082
tests.cc-multilib-clang,305960101,,,
tests.cc-wrapper.gccTests.gccMultiStdenv,305960189,,,
tests.cue-validation,305960216,305960214,305960215,305960213
tests.dotnet.final-attrs.override-modifies-output,,,,306581005
tests.hardeningFlags-clang.allExplicitDisabledPie,306562156,306562189,,
tests.hardeningFlags-clang.pieExplicitDisabled,306562187,306562198,,
tests.hardeningFlags-gcc.fortify3ExplicitEnabledExecTest,,,305960814,305960812
tests.hardeningFlags-gcc.sfa1explicitEnabledExecTest,,,305960879,305960877
tests.hardeningFlags-gcc.sfa3StdenvUnsuppDoesntUnsuppSfa1ExecTest,,,305960898,305960893
tests.hardeningFlags-gcc.sfa3explicitDisabledDoesntDisableSfa1ExecTest,,,305960900,305960896
tests.hardeningFlags-gcc.sfa3explicitEnabledProtectsDefLen1ExecTest,,,305960913,305960909
tests.testers.hasCmakeConfigModules.eigen-does-not-have-eigen,,,305962284,305962282
tests.testers.lycheeLinkCheck.network,306593524,,,
textlint-rule-diacritics,305963029,305963080,305963097,305963043
theft,,305963226,,305963225
thelounge,,,305963236,
thunderbird-128-unwrapped,,,306035956,306035953
thunderbirdPackages.thunderbird-128,,,306035979,306035983
tinycc,,,305963571,
tome4,305964210,,,
tora,305964313,305964316,,
tpm2-totp,,,305964426,305964412
transmission-rss,,,305964660,305964657
tremor-rs,,,305965289,305965287
trgui-ng,,,306631805,306631804
trickle,305965334,305965332,,
trilinos-mpi,,,306118930,306118938
trilinos,,,305965359,305965358
truecrack,,,305965438,305965436
ts-warp,,,305965491,305965489
tulip,,,305965710,305965709
tunnelgraf,305965734,305965733,305965802,305965755
turnon,305965777,305965775,,
ueberzug,,,305977496,305977495
urh,306012253,306012256,,
urn-timer,,,306073789,306073790
ursadb,,305978300,,
urweb,,,305978302,305978301
vapoursynth-eedi3,305978696,,,
vapoursynth-nnedi3,,305978705,,305978706
vapoursynth-nnedi3cl,305978716,,,
vc4-newlib,,,305978805,305978806
vcdimager,,,305978822,305978814
vdmfec,305978871,305978869,305978870,305978868
vertcoin,305979034,305979027,,
vertcoind,305979031,305979026,,
veryfasttree,,,305979032,305979030
vesta,,,305979043,305979040
vgm2x,,,305979060,305979057
viceroy,305979100,305979095,305979099,305979096
vkdt,,305981195,,
vorbisgain,,,305981328,305981327
vsc-leetcode-cli,305981396,305981394,305981395,305981393
wapiti,306089138,306089160,306066930,306066923
warmux,305983485,305983492,,
wasm-tools,,306586818,,
wasmer,305983562,,305983557,
wavm,,,305983646,305983642
wayland,,,305983700,305983705
wayv,305983757,305983756,,
wealthfolio,,306586832,,
webssh,305983946,305983944,,
wiiuse,,,305984279,305984275
windmill,,306586840,,
windowtolayer,,,305984341,305984339
wml,305984670,305984654,,
wordpressPackages.themes.geist,305984940,305984938,305984936,305984937
world-wall-clock,305985017,305985014,305985021,305985016
wv2,,,305985208,305985207
wxc,,,305985235,305985232
x11basic,,305985283,,
xchainkeys,,,305985498,305985495
xed,,,305985659,
xemu,306586861,306586862,,
xephem,,,305985699,305985698
xf86_input_cmt,305985713,305985717,,
xhosts,,,305985892,305985890
xlayoutdisplay,305985980,305985979,,
xlife,,,305985991,305986000
xmoto,,,305986129,305986128
xob,,,305986186,305986181
xonotic-dedicated-unwrapped,,,305986189,305986188
xonotic-sdl-unwrapped,,,305986195,305986193
xorg.xdriinfo,,,305986662,305986666
xorg.xf86videoapm,,305986690,,
xorg.xf86videoast,,305986691,,
xorg.xf86videochips,,305986699,,
xorg.xf86videoi740,,305986707,,
xorg.xf86videoopenchrome,305986720,305986723,,
xorg.xf86videosis,,305986728,,
xorg.xf86videotdfx,,305986737,,
xorg.xf86videotrident,,305986740,,
xorg.xf86videovboxvideo,,305986745,,
xorg.xf86videovesa,,305986743,,
xpad,305986971,305986969,,
xsnow,,305987084,305987124,305987125
xyce-parallel,306119043,,,
yaegi,,,305987267,
yaml-cpp_0_3,,,305987325,305987324
yap,305987377,,,
ytui-music,306261759,306261760,306261762,306261757
zdelta,,,305988170,305988168
zeal,,,306581146,306581145
zed-open-capture,,,305988204,305988202
zee,,,305988209,305988208
zet,305988299,305988298,305988296,305988297
zig-zlint,,,,305988369
zigPackages.0.15,,,305988380,
zig_0_15,,,305988399,
zulip-term,305989005,305989004,305989002,305989006
